,,,,,,,,,,,,,,,
Kapoor's Kitchen Dataset,,,,,,,,,,,,,,,
Customer ID,Age,Area,Income,Visits,Clicks,Orders,Average Order Value,Total Spend,,,,,,,
C0004,41,Bandra,90210,23,12,12,390,4680,,,,,,,
C0005,39,Bandra,66860,22,2,9,625,5625,,,,,,,
C0006,24,Bandra,145550,8,2,4,745,2980,,,,,,,
C0007,22,Powai,38920,22,9,9,530,4770,,,,,,,
C0008,24,Dadar,117600,23,2,4,327,1308,,,,,,,
C0009,25,Andheri,42450,14,8,14,253,3542,,,,,,,
C0010,43,Andheri,91820,10,2,8,390,3120,,,,,,,
C0011,39,Andheri,122540,25,3,15,541,8115,,,,,,,
C0012,21,Andheri,32190,16,3,12,306,3672,,,,,,,
C0013,26,Bandra,88790,17,8,4,286,1144,,,,,,,
C0014,36,Juhu,144760,10,11,4,505,2020,,,,,,,
C0015,40,Powai,52330,14,10,9,307,2763,,,,,,,
C0016,34,Juhu,130090,17,11,9,541,4869,,,,,,,
C0017,32,Andheri,66520,26,6,10,423,4230,,,,,,,
C0018,29,Andheri,113050,15,12,12,428,5136,,,,,,,
C0019,43,Andheri,125480,29,5,12,522,6264,,,,,,,
C0020,30,Bandra,75970,10,11,13,772,10036,,,,,,,
C0021,27,Andheri,51260,13,3,4,313,1252,,,,,,,
C0022,26,Bandra,101050,27,8,12,595,7140,,,,,,,
C0023,36,Bandra,140910,15,2,7,571,3997,,,,,,,
C0024,42,Juhu,64270,14,9,4,398,1592,,,,,,,
C0025,29,Andheri,30680,16,12,15,542,8130,,,,,,,
C0026,27,Bandra,84300,16,9,10,559,5590,,,,,,,
C0027,43,Bandra,146910,11,10,14,601,8414,,,,,,,
C0028,32,Andheri,106070,29,8,6,365,2190,,,,,,,
C0029,25,Andheri,63860,15,7,11,747,8217,,,,,,,
C0030,30,Bandra,58880,13,9,11,691,7601,,,,,,,
C0031,35,Juhu,90980,21,11,4,631,2524,,,,,,,
C0032,29,Juhu,147690,12,3,5,521,2605,,,,,,,
C0033,31,Dadar,103140,19,12,10,258,2580,,,,,,,
C0034,32,Powai,74850,16,11,11,616,6776,,,,,,,
C0035,29,Bandra,42310,19,9,8,779,6232,,,,,,,
C0036,24,Juhu,67810,9,2,15,659,9885,,,,,,,
C0037,29,Powai,145430,21,10,7,633,4431,,,,,,,
C0038,43,Andheri,72550,30,6,7,361,2527,,,,,,,
C0039,26,Juhu,48410,21,9,3,521,1563,,,,,,,
C0040,39,Juhu,100710,18,8,14,719,10066,,,,,,,
C0041,29,Andheri,52680,15,8,6,347,2082,,,,,,,
C0042,36,Juhu,140830,19,11,8,648,5184,,,,,,,
C0043,41,Bandra,52040,10,2,6,431,2586,,,,,,,
C0044,44,Juhu,41140,18,11,7,540,3780,,,,,,,
C0045,42,Juhu,115990,23,3,11,798,8778,,,,,,,
C0046,28,Powai,42350,22,10,4,746,2984,,,,,,,
C0047,23,Powai,136810,15,9,14,469,6566,,,,,,,
C0048,35,Juhu,97480,26,9,10,359,3590,,,,,,,
C0049,42,Andheri,127810,29,5,11,379,4169,,,,,,,
C0050,31,Juhu,100950,29,12,10,405,4050,,,,,,,
C0051,25,Powai,57810,28,7,13,621,8073,,,,,,,
C0052,22,Juhu,55260,11,10,15,496,7440,,,,,,,
C0053,23,Bandra,148200,29,3,11,431,4741,,,,,,,
C0054,21,Juhu,59700,8,7,14,623,8722,,,,,,,
C0055,31,Powai,48650,18,9,13,433,5629,,,,,,,
C0056,36,Dadar,53180,30,12,9,539,4851,,,,,,,
C0057,38,Juhu,77700,30,8,12,748,8976,,,,,,,
C0058,38,Powai,35860,8,6,13,778,10114,,,,,,,
C0059,23,Powai,133170,17,3,12,291,3492,,,,,,,
C0060,23,Powai,97400,29,3,4,676,2704,,,,,,,
C0061,24,Dadar,57390,28,10,8,461,3688,,,,,,,
C0062,41,Juhu,48350,24,9,12,796,9552,,,,,,,
C0063,42,Bandra,72700,19,5,7,695,4865,,,,,,,
C0064,41,Powai,51360,27,10,11,577,6347,,,,,,,
C0065,42,Bandra,102580,17,8,14,707,9898,,,,,,,
C0066,23,Dadar,79760,23,11,4,437,1748,,,,,,,
C0067,39,Dadar,43840,28,10,9,331,2979,,,,,,,
C0068,42,Bandra,98290,23,4,7,759,5313,,,,,,,
C0069,41,Juhu,42900,29,4,3,468,1404,,,,,,,
C0070,28,Juhu,74420,12,7,9,270,2430,,,,,,,
C0071,35,Bandra,39980,10,5,8,728,5824,,,,,,,
C0072,34,Powai,123410,29,12,13,489,6357,,,,,,,
C0073,36,Powai,43300,25,2,8,273,2184,,,,,,,
C0074,45,Andheri,31970,19,11,15,517,7755,,,,,,,
C0075,28,Bandra,40200,27,10,8,355,2840,,,,,,,
C0076,24,Juhu,54060,8,11,12,314,3768,,,,,,,
C0077,36,Juhu,128850,16,3,12,640,7680,,,,,,,
C0078,30,Dadar,146110,11,11,15,251,3765,,,,,,,
C0079,29,Dadar,110650,30,12,13,638,8294,,,,,,,
C0080,40,Bandra,73090,12,5,14,259,3626,,,,,,,
C0081,43,Andheri,78540,23,5,3,447,1341,,,,,,,
C0082,38,Dadar,114020,9,6,12,798,9576,,,,,,,
C0083,30,Bandra,125560,30,2,12,451,5412,,,,,,,
C0084,21,Juhu,47580,17,8,13,420,5460,,,,,,,
C0085,34,Bandra,86290,21,5,3,511,1533,,,,,,,
C0086,42,Powai,126990,23,12,7,293,2051,,,,,,,
C0087,37,Andheri,57460,13,5,14,378,5292,,,,,,,
C0088,28,Powai,37420,20,2,12,633,7596,,,,,,,
C0089,40,Powai,140490,22,7,11,382,4202,,,,,,,
C0090,42,Powai,52610,9,2,10,770,7700,,,,,,,
C0091,42,Juhu,47280,9,8,14,410,5740,,,,,,,
C0092,39,Andheri,38220,25,12,14,366,5124,,,,,,,
C0093,43,Powai,44750,25,4,9,665,5985,,,,,,,
C0094,38,Juhu,98310,13,9,5,491,2455,,,,,,,
C0095,42,Dadar,110750,28,11,9,387,3483,,,,,,,
C0096,33,Dadar,139060,26,10,3,299,897,,,,,,,
C0097,43,Powai,129900,25,3,9,619,5571,,,,,,,
C0098,39,Andheri,117370,20,8,11,503,5533,,,,,,,
C0099,26,Dadar,116390,11,9,15,500,7500,,,,,,,
C0100,40,Bandra,58850,22,5,10,551,5510,,,,,,,
C0101,44,Juhu,147530,22,3,4,714,2856,,,,,,,
C0102,27,Andheri,50760,23,8,13,339,4407,,,,,,,
C0103,25,Dadar,102940,9,3,10,755,7550,,,,,,,
C0104,35,Juhu,69200,28,5,11,399,4389,,,,,,,
C0105,24,Andheri,113730,9,7,10,261,2610,,,,,,,
C0106,22,Powai,101780,17,4,11,448,4928,,,,,,,
C0107,26,Powai,141250,28,11,14,390,5460,,,,,,,
C0108,38,Juhu,118600,29,3,5,349,1745,,,,,,,
C0109,41,Andheri,66140,14,4,13,796,10348,,,,,,,
C0110,29,Dadar,129070,30,12,12,800,9600,,,,,,,
C0111,32,Bandra,147220,10,11,11,546,6006,,,,,,,
C0112,38,Bandra,133070,11,11,9,468,4212,,,,,,,
C0113,24,Dadar,100520,21,8,4,778,3112,,,,,,,
C0114,23,Dadar,51950,11,2,14,770,10780,,,,,,,
C0115,22,Juhu,106760,30,4,4,573,2292,,,,,,,
C0116,30,Dadar,145740,16,9,3,331,993,,,,,,,
C0117,26,Dadar,91280,21,7,12,572,6864,,,,,,,
C0118,33,Bandra,58030,25,7,6,491,2946,,,,,,,
C0119,40,Juhu,61680,8,5,15,491,7365,,,,,,,
C0120,25,Dadar,96340,12,10,10,706,7060,,,,,,,
C0121,24,Powai,48020,27,7,3,702,2106,,,,,,,
C0122,29,Powai,137960,20,2,14,342,4788,,,,,,,
C0123,22,Juhu,40740,15,11,15,521,7815,,,,,,,
C0124,38,Bandra,43990,20,2,5,648,3240,,,,,,,
C0125,36,Powai,73960,13,8,14,586,8204,,,,,,,
C0126,33,Bandra,33970,15,7,12,697,8364,,,,,,,
C0127,34,Juhu,60240,17,10,4,426,1704,,,,,,,
C0128,29,Dadar,83970,13,8,6,719,4314,,,,,,,
C0129,35,Juhu,83340,23,7,3,462,1386,,,,,,,
C0130,37,Andheri,138050,10,5,14,569,7966,,,,,,,
C0131,32,Juhu,73520,11,4,8,641,5128,,,,,,,
C0132,45,Juhu,107830,25,5,7,347,2429,,,,,,,
C0133,34,Powai,40290,20,5,6,688,4128,,,,,,,
C0134,40,Dadar,97280,28,3,5,384,1920,,,,,,,
C0135,29,Andheri,38910,11,4,12,722,8664,,,,,,,
C0136,29,Powai,62880,26,12,5,264,1320,,,,,,,
C0137,31,Bandra,112070,10,9,3,483,1449,,,,,,,
C0138,24,Andheri,89530,15,2,3,421,1263,,,,,,,
C0139,23,Juhu,87050,16,11,6,497,2982,,,,,,,
C0140,43,Powai,59190,28,5,8,707,5656,,,,,,,
C0141,45,Bandra,74850,28,10,7,635,4445,,,,,,,
C0142,37,Andheri,88090,29,5,12,680,8160,,,,,,,
C0143,24,Juhu,31390,10,4,14,570,7980,,,,,,,
C0144,36,Andheri,116800,15,12,10,588,5880,,,,,,,
C0145,42,Powai,130180,20,3,14,708,9912,,,,,,,
C0146,27,Juhu,69200,26,6,10,455,4550,,,,,,,
C0147,33,Powai,79250,16,8,13,415,5395,,,,,,,
C0148,35,Bandra,136140,30,4,9,355,3195,,,,,,,
C0149,41,Juhu,65810,18,5,14,428,5992,,,,,,,
C0150,41,Dadar,147010,24,8,11,602,6622,,,,,,,
C0151,35,Powai,120470,10,3,10,571,5710,,,,,,,
C0152,28,Juhu,104640,16,10,4,259,1036,,,,,,,
C0153,31,Powai,138850,8,4,8,627,5016,,,,,,,
C0154,42,Bandra,51160,21,2,15,648,9720,,,,,,,
C0155,26,Dadar,87710,26,7,13,730,9490,,,,,,,
C0156,35,Powai,148190,30,12,13,645,8385,,,,,,,
C0157,29,Juhu,67060,17,11,7,615,4305,,,,,,,
C0158,42,Dadar,76960,10,6,7,536,3752,,,,,,,
C0159,33,Dadar,34480,9,6,14,651,9114,,,,,,,
C0160,26,Bandra,76850,15,7,15,573,8595,,,,,,,
C0161,32,Dadar,57150,18,3,6,432,2592,,,,,,,
C0162,31,Bandra,70880,26,8,3,716,2148,,,,,,,
C0163,26,Dadar,146810,8,11,10,452,4520,,,,,,,
C0164,31,Andheri,101780,11,6,6,361,2166,,,,,,,
C0165,26,Bandra,66420,10,11,8,701,5608,,,,,,,
C0166,25,Powai,44530,21,9,3,378,1134,,,,,,,
C0167,31,Dadar,108010,26,4,11,480,5280,,,,,,,
C0168,37,Dadar,92590,18,2,5,317,1585,,,,,,,
C0169,26,Bandra,40620,12,2,13,407,5291,,,,,,,
C0170,42,Bandra,59180,27,6,11,441,4851,,,,,,,
C0171,21,Bandra,44260,13,6,14,485,6790,,,,,,,
C0172,27,Dadar,94860,12,11,12,489,5868,,,,,,,
C0173,22,Powai,133150,27,4,5,557,2785,,,,,,,
C0174,42,Juhu,119720,24,12,14,364,5096,,,,,,,
C0175,35,Bandra,119860,22,4,6,799,4794,,,,,,,
C0176,23,Powai,32120,30,12,14,752,10528,,,,,,,
C0177,32,Andheri,48500,26,4,14,368,5152,,,,,,,
C0178,40,Juhu,143670,17,8,9,383,3447,,,,,,,
C0179,22,Bandra,140950,22,11,3,273,819,,,,,,,
C0180,33,Dadar,100010,27,4,5,618,3090,,,,,,,
C0181,25,Bandra,101590,17,9,4,612,2448,,,,,,,
C0182,34,Bandra,34530,27,9,12,450,5400,,,,,,,
C0183,33,Andheri,75170,12,12,15,556,8340,,,,,,,
C0184,29,Juhu,40720,10,7,9,724,6516,,,,,,,
C0185,42,Powai,87650,30,3,13,339,4407,,,,,,,
C0186,28,Andheri,99030,27,7,13,359,4667,,,,,,,
C0187,33,Juhu,32710,25,6,5,465,2325,,,,,,,
C0188,23,Dadar,144520,8,9,12,321,3852,,,,,,,
C0189,23,Dadar,138920,29,9,7,679,4753,,,,,,,
C0190,31,Bandra,48120,15,10,6,731,4386,,,,,,,
C0191,41,Dadar,148570,28,12,14,660,9240,,,,,,,
C0192,23,Juhu,49760,22,4,15,758,11370,,,,,,,
C0193,41,Dadar,133300,24,3,8,267,2136,,,,,,,
C0194,24,Powai,141940,28,2,14,451,6314,,,,,,,
C0195,33,Juhu,69160,12,8,10,311,3110,,,,,,,
C0196,33,Powai,37070,29,3,15,373,5595,,,,,,,
C0197,34,Andheri,73370,11,6,10,654,6540,,,,,,,
C0198,26,Bandra,61900,18,12,10,527,5270,,,,,,,
C0199,31,Bandra,52650,27,8,13,539,7007,,,,,,,
C0200,39,Bandra,103530,10,3,7,685,4795,,,,,,,
C0201,25,Dadar,87660,14,12,14,776,10864,,,,,,,
C0202,37,Bandra,72840,11,6,13,585,7605,,,,,,,
C0203,32,Powai,64990,17,3,7,781,5467,,,,,,,
C0204,33,Powai,122290,21,12,12,419,5028,,,,,,,
C0205,42,Bandra,148110,29,6,4,371,1484,,,,,,,
C0206,45,Bandra,38520,22,11,14,728,10192,,,,,,,
C0207,33,Bandra,51840,9,7,3,613,1839,,,,,,,
C0208,45,Bandra,99740,15,3,8,742,5936,,,,,,,
C0209,36,Juhu,102760,25,2,10,752,7520,,,,,,,
C0210,36,Andheri,80950,29,3,9,610,5490,,,,,,,
C0211,21,Powai,119250,20,6,4,705,2820,,,,,,,
C0212,34,Bandra,75850,26,8,12,311,3732,,,,,,,
C0213,33,Bandra,88210,16,7,11,507,5577,,,,,,,
C0214,44,Dadar,132970,17,12,6,299,1794,,,,,,,
C0215,39,Juhu,121460,23,3,8,606,4848,,,,,,,
C0216,22,Dadar,103180,19,9,11,744,8184,,,,,,,
C0217,21,Dadar,94900,17,6,14,433,6062,,,,,,,
C0218,40,Dadar,86170,22,6,3,789,2367,,,,,,,
C0219,39,Andheri,145030,23,12,8,590,4720,,,,,,,
C0220,32,Juhu,30850,19,2,12,534,6408,,,,,,,
C0221,44,Juhu,124920,28,3,6,384,2304,,,,,,,
C0222,27,Andheri,69050,21,6,14,259,3626,,,,,,,
C0223,39,Andheri,69180,10,7,5,795,3975,,,,,,,
C0224,37,Andheri,100750,29,6,7,430,3010,,,,,,,
C0225,39,Bandra,93420,19,8,15,742,11130,,,,,,,
C0226,32,Powai,73530,8,10,5,648,3240,,,,,,,
C0227,35,Bandra,49530,27,4,15,302,4530,,,,,,,
C0228,30,Andheri,31850,11,10,5,526,2630,,,,,,,
C0229,32,Bandra,56480,10,8,7,626,4382,,,,,,,
C0230,41,Andheri,111270,8,9,13,532,6916,,,,,,,
C0231,35,Juhu,47280,19,12,5,551,2755,,,,,,,
C0232,35,Bandra,122420,20,12,5,334,1670,,,,,,,
C0233,39,Andheri,100220,21,2,4,603,2412,,,,,,,
C0234,24,Bandra,81520,20,11,8,343,2744,,,,,,,
C0235,42,Juhu,88220,26,4,11,665,7315,,,,,,,
C0236,32,Bandra,50130,30,8,13,697,9061,,,,,,,
C0237,26,Juhu,58430,16,12,8,271,2168,,,,,,,
C0238,32,Andheri,84360,12,6,7,655,4585,,,,,,,
C0239,42,Powai,68500,13,12,14,677,9478,,,,,,,
C0240,40,Juhu,76440,19,3,5,516,2580,,,,,,,
C0241,35,Juhu,116160,18,3,7,657,4599,,,,,,,
C0242,29,Andheri,109700,16,6,9,318,2862,,,,,,,
C0243,42,Dadar,88600,9,5,4,326,1304,,,,,,,
C0244,31,Juhu,115700,12,10,4,432,1728,,,,,,,
C0245,30,Bandra,132580,20,10,14,565,7910,,,,,,,
C0246,24,Bandra,94900,9,3,14,473,6622,,,,,,,
C0247,29,Powai,124200,26,5,3,620,1860,,,,,,,
C0248,35,Bandra,81740,9,5,15,388,5820,,,,,,,
C0249,32,Andheri,125130,18,6,9,558,5022,,,,,,,
C0250,34,Dadar,93710,21,2,11,747,8217,,,,,,,
C0251,41,Andheri,69620,26,7,8,696,5568,,,,,,,
C0252,23,Dadar,118680,22,6,12,393,4716,,,,,,,
C0253,34,Bandra,102020,21,6,7,467,3269,,,,,,,
C0254,35,Bandra,82380,20,12,3,658,1974,,,,,,,
C0255,42,Bandra,57560,24,4,6,583,3498,,,,,,,
C0256,27,Juhu,32420,15,6,9,319,2871,,,,,,,
C0257,28,Andheri,41850,17,4,4,321,1284,,,,,,,
C0258,31,Juhu,70420,8,12,9,445,4005,,,,,,,
C0259,36,Powai,82390,9,3,7,704,4928,,,,,,,
C0260,38,Bandra,65770,18,10,14,668,9352,,,,,,,
C0261,42,Juhu,129870,21,2,11,415,4565,,,,,,,
C0262,32,Bandra,141780,23,4,14,704,9856,,,,,,,
C0263,37,Juhu,112560,14,3,14,762,10668,,,,,,,
C0264,42,Andheri,129110,16,11,10,715,7150,,,,,,,
C0265,21,Powai,138340,22,7,12,496,5952,,,,,,,
C0266,30,Powai,60380,27,9,7,267,1869,,,,,,,
C0267,23,Dadar,144950,26,7,15,540,8100,,,,,,,
C0268,39,Dadar,91400,21,7,6,266,1596,,,,,,,
C0269,40,Powai,115460,13,9,13,671,8723,,,,,,,
C0270,27,Dadar,133290,27,12,7,504,3528,,,,,,,
C0271,32,Bandra,148820,22,12,10,613,6130,,,,,,,
C0272,40,Powai,148480,29,2,14,668,9352,,,,,,,
C0273,35,Powai,46390,16,7,6,594,3564,,,,,,,
C0274,39,Bandra,122640,11,3,14,540,7560,,,,,,,
C0275,45,Andheri,38930,18,11,5,440,2200,,,,,,,
C0276,23,Powai,90510,27,6,5,538,2690,,,,,,,
C0277,22,Bandra,109820,22,2,3,446,1338,,,,,,,
C0278,38,Bandra,93420,23,6,13,389,5057,,,,,,,
C0279,39,Andheri,85940,14,3,6,669,4014,,,,,,,
C0280,29,Andheri,128220,25,10,15,421,6315,,,,,,,
C0281,21,Dadar,118720,19,12,5,520,2600,,,,,,,
C0282,23,Andheri,53070,20,12,12,462,5544,,,,,,,
C0283,27,Dadar,74630,27,11,15,498,7470,,,,,,,
C0284,39,Andheri,99120,10,3,12,430,5160,,,,,,,
C0285,22,Andheri,107490,26,5,14,519,7266,,,,,,,
C0286,37,Powai,149460,9,9,4,368,1472,,,,,,,
C0287,34,Juhu,102830,22,4,14,465,6510,,,,,,,
C0288,32,Bandra,101610,13,8,3,474,1422,,,,,,,
C0289,23,Andheri,76550,30,4,4,538,2152,,,,,,,
C0290,32,Andheri,65550,23,11,7,524,3668,,,,,,,
C0291,37,Juhu,66750,9,10,9,618,5562,,,,,,,
C0292,43,Bandra,91080,9,12,6,620,3720,,,,,,,
C0293,27,Bandra,75920,13,8,9,395,3555,,,,,,,
C0294,27,Bandra,101110,9,9,14,619,8666,,,,,,,
C0295,38,Powai,69900,8,2,3,389,1167,,,,,,,
C0296,30,Bandra,146080,15,3,15,648,9720,,,,,,,
C0297,35,Powai,37890,14,9,8,567,4536,,,,,,,
C0298,40,Dadar,43390,8,2,5,604,3020,,,,,,,
C0299,21,Bandra,149860,30,5,9,469,4221,,,,,,,
C0300,36,Juhu,83100,30,7,15,351,5265,,,,,,,
C0301,29,Andheri,84740,10,11,6,386,2316,,,,,,,
C0302,26,Powai,65160,17,7,7,762,5334,,,,,,,
C0303,23,Powai,147820,26,5,3,402,1206,,,,,,,
C0304,38,Juhu,133080,19,12,13,259,3367,,,,,,,
C0305,23,Dadar,122920,30,2,14,625,8750,,,,,,,
C0306,31,Bandra,124100,20,2,9,759,6831,,,,,,,
C0307,45,Dadar,114960,25,2,11,342,3762,,,,,,,
C0308,24,Bandra,88900,16,5,15,526,7890,,,,,,,
C0309,31,Powai,121830,12,6,8,319,2552,,,,,,,
C0310,32,Bandra,41950,19,7,4,383,1532,,,,,,,
C0311,36,Juhu,93380,20,11,15,499,7485,,,,,,,
C0312,38,Powai,140250,25,12,5,426,2130,,,,,,,
C0313,40,Andheri,111290,22,9,13,413,5369,,,,,,,
C0314,23,Andheri,149370,10,5,13,283,3679,,,,,,,
C0315,22,Juhu,124120,30,12,8,554,4432,,,,,,,
C0316,30,Juhu,80190,22,2,14,474,6636,,,,,,,
C0317,44,Juhu,34810,23,11,5,373,1865,,,,,,,
C0318,21,Andheri,114170,19,4,11,285,3135,,,,,,,
C0319,43,Powai,67660,23,2,15,489,7335,,,,,,,
C0320,31,Juhu,137440,12,12,14,394,5516,,,,,,,
C0321,28,Juhu,58330,28,5,9,657,5913,,,,,,,
C0322,36,Juhu,64650,25,5,9,790,7110,,,,,,,
C0323,33,Dadar,94900,16,12,9,536,4824,,,,,,,
C0324,23,Dadar,122390,22,12,7,800,5600,,,,,,,
C0325,44,Juhu,43240,26,8,7,539,3773,,,,,,,
C0326,41,Powai,82860,10,6,8,613,4904,,,,,,,
C0327,22,Andheri,82850,17,9,6,706,4236,,,,,,,
C0328,22,Juhu,84790,16,10,5,429,2145,,,,,,,
C0329,27,Dadar,88200,15,9,8,627,5016,,,,,,,
C0330,28,Bandra,125340,30,12,9,406,3654,,,,,,,
C0331,38,Dadar,116100,21,9,6,357,2142,,,,,,,
C0332,30,Powai,128980,25,6,8,797,6376,,,,,,,
C0333,38,Juhu,47550,22,12,12,682,8184,,,,,,,
C0334,29,Andheri,142330,15,6,13,614,7982,,,,,,,
C0335,34,Andheri,124380,27,5,8,727,5816,,,,,,,
C0336,40,Dadar,40720,26,2,13,658,8554,,,,,,,
C0337,31,Juhu,139730,21,6,14,744,10416,,,,,,,
C0338,32,Andheri,54320,8,9,14,726,10164,,,,,,,
C0339,28,Powai,66630,9,6,4,755,3020,,,,,,,
C0340,24,Dadar,108070,23,9,5,580,2900,,,,,,,
C0341,28,Juhu,142180,23,11,9,261,2349,,,,,,,
C0342,25,Dadar,31950,22,11,14,742,10388,,,,,,,
C0343,43,Juhu,92690,19,6,13,594,7722,,,,,,,
C0344,44,Dadar,41250,17,10,5,690,3450,,,,,,,
C0345,24,Powai,85400,25,4,5,506,2530,,,,,,,
C0346,41,Andheri,96670,26,7,10,356,3560,,,,,,,
C0347,36,Bandra,58940,29,6,13,706,9178,,,,,,,
C0348,24,Juhu,135790,18,7,5,405,2025,,,,,,,
C0349,37,Andheri,140770,14,6,8,417,3336,,,,,,,
C0350,21,Powai,63630,15,2,15,717,10755,,,,,,,
C0351,25,Andheri,96090,9,6,5,442,2210,,,,,,,
C0352,36,Andheri,99110,11,3,11,563,6193,,,,,,,
C0353,30,Juhu,72420,24,2,3,304,912,,,,,,,
C0354,39,Powai,69440,24,6,7,509,3563,,,,,,,
C0355,33,Powai,72820,25,11,15,519,7785,,,,,,,
C0356,25,Bandra,108230,10,6,12,751,9012,,,,,,,
C0357,27,Juhu,95590,20,11,3,518,1554,,,,,,,
C0358,45,Bandra,116360,17,12,14,569,7966,,,,,,,
C0359,39,Andheri,49580,12,3,14,366,5124,,,,,,,
C0360,21,Powai,43080,20,7,15,299,4485,,,,,,,
C0361,28,Bandra,123470,21,7,14,777,10878,,,,,,,
C0362,22,Bandra,122190,14,5,6,405,2430,,,,,,,
C0363,42,Dadar,109590,26,2,5,777,3885,,,,,,,
C0364,29,Bandra,66500,10,3,11,264,2904,,,,,,,
C0365,25,Juhu,56190,19,8,9,620,5580,,,,,,,
C0366,29,Bandra,79020,21,3,13,398,5174,,,,,,,
C0367,37,Juhu,100890,25,4,11,591,6501,,,,,,,
C0368,42,Powai,76290,14,4,4,659,2636,,,,,,,
C0369,33,Powai,61420,13,9,12,492,5904,,,,,,,
C0370,42,Andheri,70310,27,10,13,671,8723,,,,,,,
C0371,33,Dadar,81000,22,8,5,690,3450,,,,,,,
C0372,30,Bandra,124430,29,10,3,487,1461,,,,,,,
C0373,34,Andheri,53570,28,12,15,545,8175,,,,,,,
C0374,40,Andheri,86360,28,5,10,630,6300,,,,,,,
C0375,22,Bandra,135480,30,12,9,704,6336,,,,,,,
C0376,37,Bandra,67910,20,3,8,670,5360,,,,,,,
C0377,32,Bandra,113940,27,3,4,678,2712,,,,,,,
C0378,26,Bandra,40260,23,4,9,623,5607,,,,,,,
C0379,44,Dadar,80370,9,3,7,480,3360,,,,,,,
C0380,30,Andheri,127850,25,3,10,792,7920,,,,,,,
C0381,25,Juhu,97450,19,7,11,548,6028,,,,,,,
C0382,32,Andheri,146400,24,6,6,637,3822,,,,,,,
C0383,36,Bandra,111780,27,3,14,681,9534,,,,,,,
C0384,41,Dadar,77700,8,3,11,420,4620,,,,,,,
C0385,22,Andheri,114060,29,7,6,328,1968,,,,,,,
C0386,34,Bandra,66980,25,8,3,545,1635,,,,,,,
C0387,28,Juhu,77990,22,8,10,435,4350,,,,,,,
C0388,37,Juhu,80150,8,6,9,283,2547,,,,,,,
C0389,21,Andheri,53560,18,2,12,675,8100,,,,,,,
C0390,32,Bandra,129960,21,2,13,792,10296,,,,,,,
C0391,41,Andheri,49930,19,3,6,799,4794,,,,,,,
C0392,43,Powai,142270,17,12,6,520,3120,,,,,,,
C0393,43,Juhu,77920,12,8,12,511,6132,,,,,,,
C0394,42,Bandra,68940,10,11,14,443,6202,,,,,,,
C0395,24,Powai,105820,12,10,14,298,4172,,,,,,,
C0396,24,Andheri,124620,26,10,10,671,6710,,,,,,,
C0397,22,Juhu,81540,27,8,7,484,3388,,,,,,,
C0398,35,Andheri,146920,24,10,6,554,3324,,,,,,,
C0399,29,Bandra,100930,30,11,8,496,3968,,,,,,,
C0400,22,Dadar,85040,26,9,9,665,5985,,,,,,,
C0401,33,Andheri,146900,24,8,14,551,7714,,,,,,,
C0402,26,Bandra,62270,19,3,9,754,6786,,,,,,,
C0403,44,Powai,123480,10,12,9,633,5697,,,,,,,
C0404,31,Powai,104140,11,4,7,572,4004,,,,,,,
C0405,43,Powai,63510,16,7,3,745,2235,,,,,,,
C0406,26,Andheri,102550,8,4,10,776,7760,,,,,,,
C0407,33,Dadar,120040,15,4,15,598,8970,,,,,,,
C0408,26,Bandra,75720,23,9,12,701,8412,,,,,,,
C0409,45,Bandra,124870,19,12,15,562,8430,,,,,,,
C0410,23,Bandra,147110,30,6,10,412,4120,,,,,,,
C0411,42,Andheri,50230,30,11,11,773,8503,,,,,,,
C0412,41,Dadar,129070,25,5,4,799,3196,,,,,,,
C0413,32,Bandra,130220,9,9,15,518,7770,,,,,,,
C0414,44,Dadar,60880,20,12,8,647,5176,,,,,,,
C0415,40,Dadar,42160,13,10,13,375,4875,,,,,,,
C0416,31,Bandra,109610,30,5,11,492,5412,,,,,,,
C0417,35,Powai,35130,10,5,12,707,8484,,,,,,,
C0418,38,Dadar,61250,21,5,4,490,1960,,,,,,,
C0419,43,Dadar,128530,21,8,9,753,6777,,,,,,,
C0420,43,Juhu,73280,8,2,12,579,6948,,,,,,,
C0421,22,Andheri,113380,14,6,4,317,1268,,,,,,,
C0422,41,Andheri,55510,9,8,4,351,1404,,,,,,,
C0423,38,Juhu,44100,10,3,10,604,6040,,,,,,,
C0424,22,Andheri,101520,29,2,10,553,5530,,,,,,,
C0425,35,Juhu,38680,19,2,14,495,6930,,,,,,,
C0426,27,Juhu,45270,10,11,5,361,1805,,,,,,,
C0427,34,Bandra,95870,18,6,12,680,8160,,,,,,,
C0428,27,Powai,82130,16,12,7,296,2072,,,,,,,
C0429,24,Andheri,54430,25,10,8,556,4448,,,,,,,
C0430,32,Powai,105610,16,6,14,626,8764,,,,,,,
C0431,33,Andheri,129120,11,8,4,438,1752,,,,,,,
C0432,38,Dadar,118930,25,6,4,419,1676,,,,,,,
C0433,36,Dadar,43870,15,4,8,456,3648,,,,,,,
C0434,40,Powai,98730,23,6,9,596,5364,,,,,,,
C0435,33,Juhu,89540,8,6,14,678,9492,,,,,,,
C0436,31,Powai,34980,29,11,8,537,4296,,,,,,,
C0437,37,Powai,31600,15,7,6,369,2214,,,,,,,
C0438,23,Andheri,45120,21,7,15,749,11235,,,,,,,
C0439,25,Dadar,134040,13,8,4,337,1348,,,,,,,
C0440,42,Dadar,31710,28,12,7,451,3157,,,,,,,
C0441,39,Juhu,107870,21,6,12,470,5640,,,,,,,
C0442,40,Powai,40030,22,4,8,756,6048,,,,,,,
C0443,29,Bandra,110580,25,12,7,354,2478,,,,,,,
C0444,41,Andheri,71760,18,5,12,655,7860,,,,,,,
C0445,25,Dadar,77690,18,4,5,301,1505,,,,,,,
C0446,43,Bandra,47940,23,4,7,471,3297,,,,,,,
C0447,42,Bandra,104560,30,10,7,520,3640,,,,,,,
C0448,29,Powai,37800,29,10,11,402,4422,,,,,,,
C0449,22,Bandra,63420,26,3,5,467,2335,,,,,,,
C0450,30,Juhu,140330,11,5,5,307,1535,,,,,,,
C0451,30,Dadar,44640,29,10,8,510,4080,,,,,,,
C0452,27,Bandra,45280,23,9,5,388,1940,,,,,,,
C0453,34,Bandra,126160,28,7,9,589,5301,,,,,,,
C0454,32,Juhu,94400,14,12,9,721,6489,,,,,,,
C0455,44,Powai,53450,9,11,11,537,5907,,,,,,,
C0456,26,Dadar,80300,18,7,14,459,6426,,,,,,,
C0457,35,Dadar,56980,30,12,13,769,9997,,,,,,,
C0458,22,Andheri,42150,19,12,7,341,2387,,,,,,,
C0459,25,Powai,53510,20,4,13,622,8086,,,,,,,
C0460,41,Juhu,144780,13,7,3,500,1500,,,,,,,
C0461,32,Powai,95770,27,7,15,751,11265,,,,,,,
C0462,26,Dadar,120720,29,4,9,587,5283,,,,,,,
C0463,34,Andheri,48210,28,12,7,489,3423,,,,,,,
C0464,25,Bandra,99490,9,8,6,674,4044,,,,,,,
C0465,41,Dadar,130740,14,4,13,472,6136,,,,,,,
C0466,26,Bandra,53930,28,7,4,678,2712,,,,,,,
C0467,26,Bandra,53660,20,7,6,538,3228,,,,,,,
C0468,41,Bandra,69830,8,10,7,652,4564,,,,,,,
C0469,32,Bandra,71410,20,5,6,464,2784,,,,,,,
C0470,22,Juhu,69520,29,2,15,743,11145,,,,,,,
C0471,34,Juhu,30070,15,3,12,367,4404,,,,,,,
C0472,21,Juhu,107610,30,5,9,557,5013,,,,,,,
C0473,37,Powai,107160,30,9,3,605,1815,,,,,,,
C0474,33,Bandra,95170,29,9,7,335,2345,,,,,,,
C0475,40,Dadar,77130,26,8,10,289,2890,,,,,,,
C0476,25,Dadar,55850,28,11,13,451,5863,,,,,,,
C0477,38,Powai,56180,24,12,14,648,9072,,,,,,,
C0478,39,Powai,90220,11,12,13,613,7969,,,,,,,
C0479,24,Powai,49990,20,6,9,719,6471,,,,,,,
C0480,21,Bandra,43740,23,5,10,630,6300,,,,,,,
C0481,32,Dadar,68220,25,5,5,476,2380,,,,,,,
C0482,41,Dadar,56850,12,8,10,688,6880,,,,,,,
C0483,23,Andheri,71250,27,2,4,259,1036,,,,,,,
C0484,33,Powai,147470,25,6,15,607,9105,,,,,,,
C0485,41,Andheri,75590,15,10,9,412,3708,,,,,,,
C0486,36,Powai,122250,18,4,8,659,5272,,,,,,,
C0487,26,Bandra,80720,18,10,5,777,3885,,,,,,,
C0488,21,Andheri,115030,11,8,12,275,3300,,,,,,,
C0489,23,Bandra,91410,28,7,3,777,2331,,,,,,,
C0490,42,Powai,61120,9,6,12,601,7212,,,,,,,
C0491,44,Bandra,124520,28,6,3,620,1860,,,,,,,
C0492,24,Powai,145980,28,12,4,708,2832,,,,,,,
C0493,25,Andheri,141340,26,7,14,787,11018,,,,,,,
C0494,28,Dadar,43710,12,4,14,288,4032,,,,,,,
C0495,33,Juhu,147400,27,4,5,474,2370,,,,,,,
C0496,43,Bandra,105060,9,3,8,501,4008,,,,,,,
C0497,42,Powai,125760,24,12,9,467,4203,,,,,,,
C0498,23,Andheri,45500,9,3,15,533,7995,,,,,,,
C0499,30,Powai,120570,21,11,7,285,1995,,,,,,,
C0500,21,Bandra,72610,27,4,13,397,5161,,,,,,,
C0501,26,Andheri,48600,17,6,5,395,1975,,,,,,,
C0502,35,Andheri,131140,30,10,13,795,10335,,,,,,,
C0503,41,Bandra,66590,26,9,3,554,1662,,,,,,,
C0504,36,Bandra,95520,24,12,14,624,8736,,,,,,,
C0505,40,Andheri,59280,10,11,8,774,6192,,,,,,,
C0506,39,Powai,91840,9,11,12,647,7764,,,,,,,
C0507,43,Andheri,142380,29,4,11,541,5951,,,,,,,
C0508,33,Powai,78910,28,5,13,420,5460,,,,,,,
C0509,37,Dadar,111820,27,4,13,280,3640,,,,,,,
C0510,28,Powai,32170,20,2,13,517,6721,,,,,,,
C0511,29,Juhu,120910,25,12,7,518,3626,,,,,,,
C0512,39,Dadar,87010,25,4,10,768,7680,,,,,,,
C0513,30,Juhu,75330,28,10,9,661,5949,,,,,,,
C0514,35,Juhu,80510,13,7,6,314,1884,,,,,,,
C0515,29,Powai,83380,27,12,7,348,2436,,,,,,,
C0516,25,Powai,31930,15,5,9,717,6453,,,,,,,
C0517,30,Bandra,90640,27,9,15,403,6045,,,,,,,
C0518,32,Dadar,64090,8,3,3,392,1176,,,,,,,
C0519,25,Powai,54790,26,2,12,562,6744,,,,,,,
C0520,41,Powai,68240,17,9,6,382,2292,,,,,,,
C0521,23,Juhu,136350,30,10,11,618,6798,,,,,,,
C0522,24,Bandra,130080,22,7,12,742,8904,,,,,,,
C0523,42,Juhu,51950,11,3,10,403,4030,,,,,,,
C0524,32,Juhu,101640,23,4,12,582,6984,,,,,,,
C0525,28,Dadar,82180,28,10,5,661,3305,,,,,,,
C0526,22,Juhu,140090,8,4,6,329,1974,,,,,,,
C0527,33,Bandra,61930,15,10,3,765,2295,,,,,,,
C0528,31,Bandra,61020,27,12,7,688,4816,,,,,,,
C0529,45,Andheri,63410,18,7,11,742,8162,,,,,,,
C0530,42,Dadar,138400,21,5,7,259,1813,,,,,,,
C0531,22,Dadar,118460,14,3,4,340,1360,,,,,,,
C0532,36,Andheri,61370,13,4,13,395,5135,,,,,,,
C0533,38,Dadar,90920,27,3,5,326,1630,,,,,,,
C0534,32,Andheri,85530,8,12,13,764,9932,,,,,,,
C0535,38,Bandra,86810,18,7,13,665,8645,,,,,,,
C0536,30,Juhu,119810,27,10,15,587,8805,,,,,,,
C0537,26,Andheri,81380,16,12,11,540,5940,,,,,,,
C0538,22,Juhu,122520,23,9,13,566,7358,,,,,,,
C0539,39,Juhu,101870,27,7,6,539,3234,,,,,,,
C0540,28,Powai,104900,8,7,9,433,3897,,,,,,,
C0541,22,Bandra,89620,12,3,10,622,6220,,,,,,,
C0542,22,Juhu,92510,29,9,9,478,4302,,,,,,,
C0543,35,Juhu,41810,17,2,11,737,8107,,,,,,,
C0544,37,Powai,118490,9,11,6,782,4692,,,,,,,
C0545,30,Bandra,32370,10,10,4,407,1628,,,,,,,
C0546,42,Powai,54850,13,6,10,563,5630,,,,,,,
C0547,24,Andheri,130890,20,9,13,746,9698,,,,,,,
C0548,31,Juhu,32730,22,2,10,630,6300,,,,,,,
C0549,40,Andheri,31660,27,4,8,298,2384,,,,,,,
C0550,36,Juhu,146430,20,2,8,553,4424,,,,,,,
C0551,29,Powai,107510,27,3,8,415,3320,,,,,,,
C0552,24,Powai,124470,27,6,4,355,1420,,,,,,,
C0553,44,Juhu,100090,17,2,11,504,5544,,,,,,,
C0554,25,Powai,126270,16,9,12,420,5040,,,,,,,
C0555,29,Andheri,96400,21,3,15,789,11835,,,,,,,
C0556,42,Powai,61710,10,2,5,622,3110,,,,,,,
C0557,38,Dadar,66470,17,4,12,635,7620,,,,,,,
C0558,35,Andheri,126840,18,12,4,382,1528,,,,,,,
C0559,42,Bandra,75810,28,4,3,337,1011,,,,,,,
C0560,23,Juhu,62100,28,5,10,766,7660,,,,,,,
C0561,23,Andheri,118620,20,12,13,464,6032,,,,,,,
C0562,43,Juhu,132210,11,11,15,395,5925,,,,,,,
C0563,30,Andheri,38190,26,3,11,299,3289,,,,,,,
C0564,37,Powai,72890,23,12,3,530,1590,,,,,,,
C0565,30,Andheri,63210,15,8,9,417,3753,,,,,,,
C0566,34,Dadar,83160,25,12,8,353,2824,,,,,,,
C0567,22,Bandra,49390,25,10,12,539,6468,,,,,,,
C0568,34,Dadar,45230,9,9,7,690,4830,,,,,,,
C0569,34,Andheri,61940,18,2,9,292,2628,,,,,,,
C0570,24,Andheri,129380,29,12,4,780,3120,,,,,,,
C0571,22,Bandra,106990,13,8,12,590,7080,,,,,,,
C0572,45,Dadar,87710,9,5,7,545,3815,,,,,,,
C0573,40,Bandra,43180,29,11,9,781,7029,,,,,,,
C0574,22,Juhu,35950,18,2,11,705,7755,,,,,,,
C0575,24,Powai,121030,18,9,7,325,2275,,,,,,,
C0576,28,Juhu,131300,21,8,6,467,2802,,,,,,,
C0577,34,Andheri,138280,28,3,9,310,2790,,,,,,,
C0578,25,Powai,39000,12,8,9,310,2790,,,,,,,
C0579,25,Juhu,103520,19,5,7,489,3423,,,,,,,
C0580,39,Andheri,62410,28,5,5,432,2160,,,,,,,
C0581,28,Dadar,56520,24,6,14,440,6160,,,,,,,
C0582,25,Powai,80110,9,2,12,495,5940,,,,,,,
C0583,24,Juhu,101950,11,5,8,412,3296,,,,,,,
C0584,29,Dadar,42510,21,3,12,499,5988,,,,,,,
C0585,24,Powai,36910,14,3,12,424,5088,,,,,,,
C0586,36,Dadar,126630,16,9,3,287,861,,,,,,,
C0587,36,Juhu,67260,23,6,14,279,3906,,,,,,,
C0588,40,Juhu,137370,18,7,3,732,2196,,,,,,,
C0589,39,Andheri,37640,21,9,10,798,7980,,,,,,,
C0590,35,Juhu,109550,24,11,9,750,6750,,,,,,,
C0591,41,Bandra,95470,8,9,9,560,5040,,,,,,,
C0592,39,Juhu,129350,28,5,12,679,8148,,,,,,,
C0593,42,Bandra,84320,27,7,9,769,6921,,,,,,,
C0594,41,Powai,74400,17,8,6,388,2328,,,,,,,
C0595,34,Powai,143410,20,12,15,573,8595,,,,,,,
C0596,27,Powai,95120,13,5,4,731,2924,,,,,,,
C0597,24,Andheri,110180,8,6,5,797,3985,,,,,,,
C0598,21,Andheri,121750,16,4,4,768,3072,,,,,,,
C0599,36,Juhu,35470,30,2,7,638,4466,,,,,,,
C0600,42,Bandra,52240,11,7,8,546,4368,,,,,,,
C0601,21,Andheri,116260,9,11,15,576,8640,,,,,,,
C0602,37,Andheri,64220,22,6,7,474,3318,,,,,,,
C0603,40,Andheri,101180,23,8,14,336,4704,,,,,,,
C0604,21,Juhu,149290,10,12,7,340,2380,,,,,,,
C0605,36,Dadar,110760,15,12,6,649,3894,,,,,,,
C0606,28,Dadar,95480,28,12,13,636,8268,,,,,,,
C0607,24,Andheri,142700,16,2,10,340,3400,,,,,,,
C0608,40,Andheri,120320,16,9,13,588,7644,,,,,,,
C0609,27,Andheri,58890,18,11,8,735,5880,,,,,,,
C0610,37,Andheri,49460,29,12,3,549,1647,,,,,,,
C0611,23,Bandra,69470,14,12,11,696,7656,,,,,,,
C0612,32,Juhu,74680,10,7,9,719,6471,,,,,,,
C0613,31,Juhu,95110,17,3,5,623,3115,,,,,,,
C0614,31,Bandra,132760,9,9,9,293,2637,,,,,,,
C0615,31,Juhu,30700,20,5,3,366,1098,,,,,,,
C0616,36,Andheri,97070,27,6,6,449,2694,,,,,,,
C0617,29,Juhu,71200,14,8,11,269,2959,,,,,,,
C0618,33,Andheri,88230,16,7,5,573,2865,,,,,,,
C0619,43,Andheri,31710,9,11,12,539,6468,,,,,,,
C0620,33,Powai,78410,22,5,6,603,3618,,,,,,,
C0621,39,Bandra,60310,9,2,10,329,3290,,,,,,,
C0622,41,Dadar,89200,12,8,4,353,1412,,,,,,,
C0623,35,Andheri,111700,29,7,14,800,11200,,,,,,,
C0624,21,Juhu,37390,30,10,7,696,4872,,,,,,,
C0625,43,Dadar,102040,15,7,4,641,2564,,,,,,,
C0626,26,Dadar,57800,17,7,12,593,7116,,,,,,,
C0627,22,Andheri,125040,22,4,4,557,2228,,,,,,,
C0628,25,Andheri,62210,8,7,4,797,3188,,,,,,,
C0629,21,Bandra,49880,20,12,4,733,2932,,,,,,,
C0630,37,Powai,99230,11,9,9,561,5049,,,,,,,
C0631,38,Powai,42400,26,3,6,771,4626,,,,,,,
C0632,41,Juhu,63450,28,8,6,562,3372,,,,,,,
C0633,26,Bandra,71340,30,3,6,649,3894,,,,,,,
C0634,28,Dadar,39600,17,9,9,791,7119,,,,,,,
C0635,42,Dadar,118250,27,5,14,800,11200,,,,,,,
C0636,25,Juhu,100650,12,5,5,742,3710,,,,,,,
C0637,32,Andheri,51820,22,2,7,363,2541,,,,,,,
C0638,42,Andheri,54610,28,9,3,566,1698,,,,,,,
C0639,23,Juhu,66800,21,6,8,739,5912,,,,,,,
C0640,30,Andheri,41110,30,3,9,633,5697,,,,,,,
C0641,37,Bandra,139900,9,8,5,367,1835,,,,,,,
C0642,43,Powai,133430,20,4,13,510,6630,,,,,,,
C0643,34,Juhu,35160,18,3,11,288,3168,,,,,,,
C0644,24,Powai,109430,19,6,7,301,2107,,,,,,,
C0645,37,Bandra,48560,14,9,10,458,4580,,,,,,,
C0646,24,Powai,91740,30,9,13,357,4641,,,,,,,
C0647,37,Bandra,144010,21,2,7,654,4578,,,,,,,
C0648,33,Andheri,83680,30,11,5,352,1760,,,,,,,
C0649,30,Juhu,97730,23,3,7,291,2037,,,,,,,
C0650,40,Powai,99070,9,5,7,404,2828,,,,,,,
C0651,31,Andheri,41710,24,5,8,354,2832,,,,,,,
C0652,30,Powai,97650,28,8,6,530,3180,,,,,,,
C0653,21,Juhu,122460,22,10,10,350,3500,,,,,,,
C0654,34,Powai,40020,9,10,15,665,9975,,,,,,,
C0655,32,Powai,70240,26,11,9,753,6777,,,,,,,
C0656,34,Juhu,82560,19,4,7,380,2660,,,,,,,
C0657,40,Powai,78960,18,12,3,268,804,,,,,,,
C0658,38,Juhu,121130,24,8,7,535,3745,,,,,,,
C0659,22,Juhu,122410,27,6,14,251,3514,,,,,,,
C0660,45,Bandra,112000,18,12,5,397,1985,,,,,,,
C0661,35,Juhu,111140,20,12,14,773,10822,,,,,,,
C0662,24,Andheri,67020,8,7,9,298,2682,,,,,,,
C0663,35,Dadar,131270,17,2,14,691,9674,,,,,,,
C0664,38,Dadar,35190,13,2,3,736,2208,,,,,,,
C0665,44,Dadar,90570,26,9,6,331,1986,,,,,,,
C0666,44,Juhu,120580,17,8,4,308,1232,,,,,,,
C0667,24,Juhu,51140,20,10,9,311,2799,,,,,,,
C0668,24,Powai,93220,17,12,9,685,6165,,,,,,,
C0669,41,Juhu,33350,8,2,8,333,2664,,,,,,,
C0670,41,Dadar,132670,29,6,7,430,3010,,,,,,,
C0671,28,Dadar,93770,13,11,10,584,5840,,,,,,,
C0672,44,Dadar,86550,18,8,3,347,1041,,,,,,,
C0673,42,Bandra,38900,21,10,5,694,3470,,,,,,,
C0674,25,Dadar,40920,20,5,3,760,2280,,,,,,,
C0675,30,Andheri,131580,13,5,12,588,7056,,,,,,,
C0676,24,Dadar,76790,18,8,12,403,4836,,,,,,,
C0677,30,Bandra,100220,28,8,9,256,2304,,,,,,,
C0678,28,Powai,50050,21,6,15,713,10695,,,,,,,
C0679,31,Juhu,142370,8,12,12,256,3072,,,,,,,
C0680,24,Bandra,92970,14,12,12,544,6528,,,,,,,
C0681,23,Dadar,83480,8,12,5,426,2130,,,,,,,
C0682,30,Juhu,51190,16,7,12,276,3312,,,,,,,
C0683,41,Bandra,127350,16,4,12,341,4092,,,,,,,
C0684,22,Andheri,131910,24,9,14,680,9520,,,,,,,
C0685,26,Powai,134000,26,9,8,562,4496,,,,,,,
C0686,34,Juhu,33950,20,12,4,250,1000,,,,,,,
C0687,42,Juhu,109100,19,5,12,614,7368,,,,,,,
C0688,30,Juhu,71490,22,7,8,773,6184,,,,,,,
C0689,44,Powai,106570,11,8,15,418,6270,,,,,,,
C0690,29,Dadar,94030,13,12,8,427,3416,,,,,,,
C0691,25,Bandra,38070,13,6,12,356,4272,,,,,,,
C0692,26,Powai,114910,29,9,14,748,10472,,,,,,,
C0693,35,Andheri,30650,27,4,14,268,3752,,,,,,,
C0694,27,Powai,96820,24,2,4,559,2236,,,,,,,
C0695,30,Andheri,42720,11,9,7,621,4347,,,,,,,
C0696,32,Dadar,34890,8,9,4,410,1640,,,,,,,
C0697,35,Juhu,96520,10,3,14,272,3808,,,,,,,
C0698,41,Dadar,130100,29,6,7,393,2751,,,,,,,
C0699,31,Bandra,83850,24,5,8,774,6192,,,,,,,
C0700,31,Juhu,36400,11,11,15,658,9870,,,,,,,
C0701,37,Dadar,137530,26,5,8,667,5336,,,,,,,
C0702,28,Andheri,54270,9,4,14,342,4788,,,,,,,
C0703,42,Andheri,138650,30,2,8,565,4520,,,,,,,
C0704,22,Juhu,44660,29,2,8,526,4208,,,,,,,
C0705,37,Juhu,65180,27,7,13,702,9126,,,,,,,
C0706,37,Powai,113670,16,5,4,652,2608,,,,,,,
C0707,32,Juhu,114860,10,4,13,570,7410,,,,,,,
C0708,44,Andheri,37650,18,8,3,537,1611,,,,,,,
C0709,27,Juhu,79910,19,11,14,757,10598,,,,,,,
C0710,26,Bandra,57930,15,8,5,750,3750,,,,,,,
C0711,29,Bandra,31360,13,10,8,535,4280,,,,,,,
C0712,41,Powai,52440,18,7,15,323,4845,,,,,,,
C0713,37,Juhu,37030,25,7,5,675,3375,,,,,,,
C0714,30,Juhu,98430,30,6,4,338,1352,,,,,,,
C0715,40,Bandra,122980,29,10,8,627,5016,,,,,,,
C0716,33,Juhu,142650,26,9,8,518,4144,,,,,,,
C0717,41,Bandra,40190,26,11,9,557,5013,,,,,,,
C0718,39,Andheri,112520,18,3,10,504,5040,,,,,,,
C0719,40,Bandra,44810,30,6,7,725,5075,,,,,,,
C0720,38,Dadar,57720,8,7,15,441,6615,,,,,,,
C0721,36,Juhu,70490,22,11,7,744,5208,,,,,,,
C0722,22,Dadar,132790,23,7,15,581,8715,,,,,,,
C0723,43,Juhu,94320,9,11,12,269,3228,,,,,,,
C0724,26,Juhu,111630,15,8,6,563,3378,,,,,,,
C0725,30,Andheri,57420,14,2,3,537,1611,,,,,,,
C0726,43,Dadar,142310,20,9,11,629,6919,,,,,,,
C0727,25,Andheri,39470,21,12,14,656,9184,,,,,,,
C0728,22,Powai,50180,26,11,12,342,4104,,,,,,,
C0729,44,Juhu,105650,29,4,7,372,2604,,,,,,,
C0730,27,Powai,47020,18,9,6,311,1866,,,,,,,
C0731,36,Powai,78790,8,9,6,502,3012,,,,,,,
C0732,28,Dadar,53940,29,9,6,665,3990,,,,,,,
C0733,23,Juhu,105360,8,6,6,290,1740,,,,,,,
C0734,21,Bandra,114770,29,2,3,403,1209,,,,,,,
C0735,22,Juhu,42660,22,11,13,283,3679,,,,,,,
C0736,32,Andheri,48300,15,7,4,535,2140,,,,,,,
C0737,28,Dadar,144020,22,4,4,399,1596,,,,,,,
C0738,43,Bandra,109440,22,8,4,736,2944,,,,,,,
C0739,44,Andheri,136370,15,3,12,482,5784,,,,,,,
C0740,41,Bandra,37750,24,8,14,513,7182,,,,,,,
C0741,27,Juhu,48900,15,7,7,499,3493,,,,,,,
C0742,32,Powai,34840,13,11,5,756,3780,,,,,,,
C0743,26,Bandra,114670,25,8,8,563,4504,,,,,,,
C0744,32,Andheri,104840,15,8,4,635,2540,,,,,,,
C0745,30,Dadar,104640,23,6,7,677,4739,,,,,,,
C0746,40,Powai,81330,27,10,12,678,8136,,,,,,,
C0747,29,Powai,141810,19,5,13,437,5681,,,,,,,
C0748,24,Dadar,84270,22,8,5,725,3625,,,,,,,
C0749,38,Bandra,52980,16,6,10,782,7820,,,,,,,
C0750,24,Bandra,114410,30,9,12,328,3936,,,,,,,
C0751,23,Bandra,51590,17,10,10,301,3010,,,,,,,
C0752,45,Bandra,81310,28,12,11,668,7348,,,,,,,
C0753,26,Andheri,83630,12,3,12,715,8580,,,,,,,
C0754,26,Andheri,81450,23,10,14,576,8064,,,,,,,
C0755,39,Bandra,100040,20,2,15,364,5460,,,,,,,
C0756,35,Andheri,44870,8,11,9,517,4653,,,,,,,
C0757,41,Powai,37820,16,10,15,702,10530,,,,,,,
C0758,22,Juhu,36800,12,6,5,391,1955,,,,,,,
C0759,21,Bandra,85110,25,3,11,594,6534,,,,,,,
C0760,30,Powai,123960,22,4,7,336,2352,,,,,,,
C0761,39,Powai,119620,20,2,8,645,5160,,,,,,,
C0762,33,Juhu,94750,25,8,14,287,4018,,,,,,,
C0763,27,Dadar,90310,26,12,11,654,7194,,,,,,,
C0764,36,Dadar,67880,19,8,8,644,5152,,,,,,,
C0765,29,Juhu,35910,28,6,12,374,4488,,,,,,,
C0766,34,Bandra,73780,16,4,7,683,4781,,,,,,,
C0767,35,Juhu,139650,26,6,6,432,2592,,,,,,,
C0768,29,Andheri,63950,24,11,5,490,2450,,,,,,,
C0769,36,Bandra,126780,9,12,11,617,6787,,,,,,,
C0770,44,Powai,118670,15,5,14,643,9002,,,,,,,
C0771,33,Bandra,142440,18,2,12,413,4956,,,,,,,
C0772,23,Bandra,114260,29,7,7,715,5005,,,,,,,
C0773,24,Powai,122390,30,10,8,323,2584,,,,,,,
C0774,28,Andheri,120580,27,10,14,646,9044,,,,,,,
C0775,35,Juhu,47720,10,8,8,300,2400,,,,,,,
C0776,22,Andheri,145120,15,4,7,352,2464,,,,,,,
C0777,26,Dadar,135420,18,2,4,516,2064,,,,,,,
C0778,30,Dadar,131260,21,11,5,429,2145,,,,,,,
C0779,42,Dadar,31280,20,10,12,348,4176,,,,,,,
C0780,32,Powai,84610,14,10,11,658,7238,,,,,,,
C0781,41,Andheri,90650,12,11,12,261,3132,,,,,,,
C0782,21,Powai,39000,27,6,4,610,2440,,,,,,,
C0783,43,Powai,133390,20,5,13,750,9750,,,,,,,
C0784,40,Juhu,117310,11,11,9,511,4599,,,,,,,
C0785,44,Andheri,49020,24,7,8,255,2040,,,,,,,
C0786,24,Andheri,62250,13,8,12,378,4536,,,,,,,
C0787,43,Powai,49820,22,10,6,604,3624,,,,,,,
C0788,29,Bandra,69980,11,2,6,539,3234,,,,,,,
C0789,43,Juhu,56550,13,5,11,584,6424,,,,,,,
C0790,43,Juhu,37700,16,3,3,730,2190,,,,,,,
C0791,38,Powai,34090,17,4,9,368,3312,,,,,,,
C0792,21,Juhu,47260,10,6,11,665,7315,,,,,,,
C0793,34,Dadar,88040,15,7,8,328,2624,,,,,,,
C0794,41,Dadar,125760,11,2,4,743,2972,,,,,,,
C0795,22,Andheri,45090,13,12,3,764,2292,,,,,,,
C0796,35,Bandra,91610,18,6,8,366,2928,,,,,,,
C0797,40,Dadar,104850,18,11,3,436,1308,,,,,,,
C0798,28,Juhu,57490,29,3,3,644,1932,,,,,,,
C0799,26,Juhu,72660,28,4,4,280,1120,,,,,,,
C0800,31,Juhu,131450,26,3,15,454,6810,,,,,,,
C0801,32,Juhu,117590,28,8,6,345,2070,,,,,,,
C0802,38,Andheri,112270,18,8,9,351,3159,,,,,,,
C0803,34,Juhu,62050,9,10,12,493,5916,,,,,,,
C0804,39,Dadar,59630,13,8,15,582,8730,,,,,,,
C0805,32,Juhu,120340,21,11,9,743,6687,,,,,,,
C0806,21,Dadar,43520,11,9,6,410,2460,,,,,,,
C0807,21,Juhu,46440,21,5,11,500,5500,,,,,,,
C0808,31,Powai,128290,18,9,7,669,4683,,,,,,,
C0809,22,Dadar,88280,19,10,13,551,7163,,,,,,,
C0810,41,Powai,115570,28,6,9,413,3717,,,,,,,
C0811,32,Juhu,69050,9,10,8,616,4928,,,,,,,
C0812,35,Juhu,30280,20,8,11,570,6270,,,,,,,
C0813,23,Bandra,61690,12,2,9,383,3447,,,,,,,
C0814,32,Juhu,121990,11,5,11,288,3168,,,,,,,
C0815,22,Dadar,123760,13,9,13,275,3575,,,,,,,
C0816,22,Andheri,83940,8,4,11,594,6534,,,,,,,
C0817,35,Dadar,70020,29,11,5,647,3235,,,,,,,
C0818,24,Andheri,142180,20,4,7,299,2093,,,,,,,
C0819,26,Andheri,60820,29,8,4,707,2828,,,,,,,
C0820,27,Andheri,33570,17,6,13,666,8658,,,,,,,
C0821,34,Bandra,145320,21,10,4,783,3132,,,,,,,
C0822,34,Juhu,119540,9,5,15,445,6675,,,,,,,
C0823,43,Dadar,130520,28,9,15,657,9855,,,,,,,
C0824,34,Bandra,57080,23,4,12,312,3744,,,,,,,
C0825,33,Andheri,120990,24,8,4,619,2476,,,,,,,
C0826,32,Powai,34050,13,9,13,766,9958,,,,,,,
C0827,27,Dadar,46080,28,8,3,585,1755,,,,,,,
C0828,36,Andheri,84350,23,8,15,599,8985,,,,,,,
C0829,40,Andheri,114840,27,6,5,680,3400,,,,,,,
C0830,38,Andheri,43560,28,2,13,367,4771,,,,,,,
C0831,26,Andheri,114710,22,6,14,703,9842,,,,,,,
C0832,29,Juhu,120020,30,9,15,687,10305,,,,,,,
C0833,37,Bandra,118570,24,2,8,746,5968,,,,,,,
C0834,40,Bandra,113730,8,10,11,405,4455,,,,,,,
C0835,31,Juhu,46600,15,11,12,519,6228,,,,,,,
C0836,21,Juhu,55030,23,5,12,605,7260,,,,,,,
C0837,33,Juhu,113270,13,5,9,257,2313,,,,,,,
C0838,36,Juhu,145710,28,12,13,499,6487,,,,,,,
C0839,23,Powai,127440,9,4,6,473,2838,,,,,,,
C0840,39,Powai,50680,12,10,15,726,10890,,,,,,,
C0841,21,Dadar,145020,14,4,4,628,2512,,,,,,,
C0842,43,Bandra,68010,17,12,11,311,3421,,,,,,,
C0843,44,Dadar,110120,23,8,5,332,1660,,,,,,,
C0844,43,Andheri,120500,21,12,7,526,3682,,,,,,,
C0845,34,Powai,66530,12,11,15,412,6180,,,,,,,
C0846,21,Powai,93500,9,4,7,756,5292,,,,,,,
C0847,27,Powai,137240,19,10,10,256,2560,,,,,,,
C0848,24,Dadar,87040,25,9,3,368,1104,,,,,,,
C0849,41,Juhu,78540,12,8,9,557,5013,,,,,,,
C0850,26,Dadar,57100,27,8,11,621,6831,,,,,,,
C0851,40,Powai,90480,14,7,11,743,8173,,,,,,,
C0852,36,Dadar,48510,25,6,12,466,5592,,,,,,,
C0853,36,Juhu,69910,9,2,5,750,3750,,,,,,,
C0854,32,Powai,140740,25,11,15,755,11325,,,,,,,
C0855,38,Powai,94890,11,7,9,618,5562,,,,,,,
C0856,38,Juhu,108980,8,8,9,800,7200,,,,,,,
C0857,30,Powai,92500,28,5,11,565,6215,,,,,,,
C0858,34,Powai,103160,25,9,4,311,1244,,,,,,,
C0859,41,Bandra,74470,17,5,3,351,1053,,,,,,,
C0860,39,Juhu,121770,8,7,11,302,3322,,,,,,,
C0861,23,Juhu,52690,15,2,4,369,1476,,,,,,,
C0862,27,Powai,101290,12,4,12,550,6600,,,,,,,
C0863,22,Powai,65630,21,6,13,754,9802,,,,,,,
C0864,24,Juhu,120600,19,6,5,543,2715,,,,,,,
C0865,27,Juhu,57970,14,8,14,519,7266,,,,,,,
C0866,26,Andheri,147330,22,3,12,772,9264,,,,,,,
C0867,38,Powai,107070,20,9,3,250,750,,,,,,,
C0868,32,Powai,65550,26,7,8,323,2584,,,,,,,
C0869,38,Dadar,72730,22,10,3,391,1173,,,,,,,
C0870,44,Juhu,130280,22,12,10,598,5980,,,,,,,
C0871,31,Bandra,88440,13,11,10,407,4070,,,,,,,
C0872,43,Bandra,123540,14,3,3,726,2178,,,,,,,
C0873,39,Dadar,133650,20,7,4,656,2624,,,,,,,
C0874,39,Powai,141000,16,11,10,289,2890,,,,,,,
C0875,35,Powai,121860,8,4,14,465,6510,,,,,,,
C0876,39,Juhu,51040,28,5,12,299,3588,,,,,,,
C0877,28,Bandra,129120,11,4,8,365,2920,,,,,,,
C0878,30,Bandra,94090,11,8,15,768,11520,,,,,,,
C0879,43,Powai,87290,11,10,10,407,4070,,,,,,,
C0880,35,Bandra,132690,28,7,6,539,3234,,,,,,,
C0881,37,Bandra,109000,11,11,8,296,2368,,,,,,,
C0882,35,Powai,56000,16,5,8,519,4152,,,,,,,
C0883,32,Juhu,109440,11,9,12,654,7848,,,,,,,
C0884,21,Juhu,77180,26,4,3,362,1086,,,,,,,
C0885,41,Juhu,117700,15,12,11,585,6435,,,,,,,
C0886,28,Andheri,105680,13,8,14,262,3668,,,,,,,
C0887,37,Andheri,130520,12,7,13,388,5044,,,,,,,
C0888,33,Juhu,31120,11,11,14,351,4914,,,,,,,
C0889,29,Powai,34760,10,12,7,314,2198,,,,,,,
C0890,40,Juhu,83730,22,10,8,301,2408,,,,,,,
C0891,31,Bandra,128680,22,2,5,432,2160,,,,,,,
C0892,29,Andheri,55890,23,8,15,273,4095,,,,,,,
C0893,29,Powai,102540,29,12,9,451,4059,,,,,,,
C0894,37,Bandra,83040,14,3,7,350,2450,,,,,,,
C0895,41,Dadar,88960,20,7,13,565,7345,,,,,,,
C0896,39,Powai,107270,11,3,7,513,3591,,,,,,,
C0897,29,Powai,140750,24,7,7,395,2765,,,,,,,
C0898,44,Andheri,125720,27,3,14,656,9184,,,,,,,
C0899,40,Powai,47870,23,11,15,487,7305,,,,,,,
C0900,21,Juhu,48150,11,4,8,597,4776,,,,,,,
C0901,32,Dadar,126540,10,5,3,628,1884,,,,,,,
C0902,25,Powai,98660,8,5,12,792,9504,,,,,,,
C0903,26,Andheri,64290,15,3,6,316,1896,,,,,,,
C0904,40,Bandra,111760,24,9,3,602,1806,,,,,,,
C0905,23,Dadar,125970,11,12,14,785,10990,,,,,,,
C0906,36,Dadar,87050,21,3,5,666,3330,,,,,,,
C0907,38,Dadar,54230,14,10,3,312,936,,,,,,,
C0908,41,Bandra,104300,22,11,6,327,1962,,,,,,,
C0909,38,Dadar,38000,17,6,14,780,10920,,,,,,,
C0910,36,Bandra,116970,21,9,8,473,3784,,,,,,,
C0911,33,Juhu,70250,22,9,10,283,2830,,,,,,,
C0912,29,Juhu,127500,9,6,8,482,3856,,,,,,,
C0913,43,Andheri,99580,23,10,15,392,5880,,,,,,,
C0914,31,Powai,86560,13,9,10,669,6690,,,,,,,
C0915,34,Dadar,85670,20,2,6,636,3816,,,,,,,
C0916,43,Dadar,120640,29,12,7,770,5390,,,,,,,
C0917,42,Dadar,86740,10,11,4,646,2584,,,,,,,
C0918,39,Dadar,136390,19,11,9,727,6543,,,,,,,
C0919,41,Dadar,132260,21,3,4,299,1196,,,,,,,
C0920,26,Dadar,45630,18,9,5,290,1450,,,,,,,
C0921,28,Juhu,81300,27,11,4,500,2000,,,,,,,
C0922,38,Andheri,145080,20,6,8,552,4416,,,,,,,
C0923,39,Andheri,57950,30,2,10,597,5970,,,,,,,
C0924,26,Dadar,107390,23,8,5,304,1520,,,,,,,
C0925,36,Dadar,35200,23,7,13,368,4784,,,,,,,
C0926,40,Bandra,46780,16,9,5,718,3590,,,,,,,
C0927,26,Dadar,131520,18,7,11,661,7271,,,,,,,
C0928,23,Andheri,91370,14,3,12,552,6624,,,,,,,
C0929,21,Andheri,31490,12,9,6,415,2490,,,,,,,
C0930,36,Juhu,146800,22,9,8,508,4064,,,,,,,
C0931,30,Bandra,149280,15,7,11,761,8371,,,,,,,
C0932,23,Bandra,58430,8,3,15,724,10860,,,,,,,
C0933,23,Powai,45530,13,5,6,451,2706,,,,,,,
C0934,28,Juhu,91700,27,6,10,396,3960,,,,,,,
C0935,24,Dadar,136810,17,2,12,547,6564,,,,,,,
C0936,45,Juhu,120270,15,9,6,788,4728,,,,,,,
C0937,31,Bandra,49650,27,4,7,692,4844,,,,,,,
C0938,41,Bandra,32800,21,2,15,457,6855,,,,,,,
C0939,41,Powai,35180,13,10,11,638,7018,,,,,,,
C0940,44,Juhu,149020,16,8,14,697,9758,,,,,,,
C0941,27,Powai,146710,25,9,8,309,2472,,,,,,,
C0942,38,Andheri,83610,30,5,15,719,10785,,,,,,,
C0943,24,Dadar,128730,12,11,11,547,6017,,,,,,,
C0944,26,Dadar,122710,30,6,11,663,7293,,,,,,,
C0945,42,Bandra,45380,18,12,3,530,1590,,,,,,,
C0946,30,Powai,95330,26,5,12,319,3828,,,,,,,
C0947,29,Powai,123080,18,12,14,334,4676,,,,,,,
C0948,38,Andheri,68210,17,9,12,330,3960,,,,,,,
C0949,32,Powai,115340,9,11,4,777,3108,,,,,,,
C0950,27,Dadar,48570,18,11,8,442,3536,,,,,,,
C0951,42,Dadar,45980,12,5,6,625,3750,,,,,,,
C0952,42,Andheri,146850,14,7,13,521,6773,,,,,,,
C0953,23,Dadar,149650,26,7,6,790,4740,,,,,,,
C0954,23,Powai,58220,17,2,15,480,7200,,,,,,,
C0955,45,Dadar,60300,9,2,14,390,5460,,,,,,,
C0956,23,Powai,133250,11,5,8,373,2984,,,,,,,
C0957,44,Andheri,126930,19,10,7,330,2310,,,,,,,
C0958,28,Andheri,65260,10,9,15,254,3810,,,,,,,
C0959,32,Powai,100120,28,7,15,371,5565,,,,,,,
C0960,41,Powai,49810,24,9,6,744,4464,,,,,,,
C0961,41,Juhu,113610,16,10,6,410,2460,,,,,,,
C0962,33,Juhu,38940,24,2,3,718,2154,,,,,,,
C0963,25,Bandra,90120,30,5,13,389,5057,,,,,,,
C0964,26,Juhu,96930,9,4,15,560,8400,,,,,,,
C0965,21,Juhu,112480,27,2,3,696,2088,,,,,,,
C0966,44,Dadar,62560,11,11,9,697,6273,,,,,,,
C0967,35,Powai,99960,19,2,8,285,2280,,,,,,,
C0968,35,Powai,142990,30,5,6,783,4698,,,,,,,
C0969,40,Powai,57230,8,10,9,615,5535,,,,,,,
C0970,23,Juhu,54470,24,8,8,367,2936,,,,,,,
C0971,41,Dadar,116940,26,2,15,377,5655,,,,,,,
C0972,21,Juhu,55770,22,7,9,770,6930,,,,,,,
C0973,38,Dadar,45560,8,4,13,575,7475,,,,,,,
C0974,37,Bandra,94890,10,2,3,383,1149,,,,,,,
C0975,25,Powai,50050,23,12,13,682,8866,,,,,,,
C0976,28,Dadar,116150,18,11,4,586,2344,,,,,,,
C0977,36,Andheri,93010,10,7,12,261,3132,,,,,,,
C0978,40,Powai,70410,23,2,5,253,1265,,,,,,,
C0979,21,Juhu,145700,9,12,15,689,10335,,,,,,,
C0980,43,Andheri,80560,17,4,5,317,1585,,,,,,,
C0981,44,Bandra,90960,21,5,12,684,8208,,,,,,,
C0982,41,Powai,102100,26,11,14,287,4018,,,,,,,
C0983,24,Andheri,36070,24,5,9,713,6417,,,,,,,
C0984,41,Dadar,63370,29,12,15,633,9495,,,,,,,
C0985,44,Powai,48580,16,10,5,683,3415,,,,,,,
C0986,30,Powai,138460,9,12,11,465,5115,,,,,,,
C0987,32,Juhu,96660,20,2,6,712,4272,,,,,,,
C0988,27,Andheri,143220,25,11,3,637,1911,,,,,,,
C0989,33,Powai,37420,29,4,3,348,1044,,,,,,,
C0990,45,Dadar,74900,11,5,5,776,3880,,,,,,,
C0991,23,Andheri,137700,30,9,6,746,4476,,,,,,,
C0992,29,Andheri,111810,27,8,11,569,6259,,,,,,,
C0993,44,Andheri,54330,27,8,10,330,3300,,,,,,,
C0994,33,Juhu,59730,26,7,11,305,3355,,,,,,,
C0995,45,Dadar,106340,11,5,6,291,1746,,,,,,,
C0996,41,Dadar,34540,19,11,4,359,1436,,,,,,,
C0997,28,Powai,109520,9,5,7,336,2352,,,,,,,
C0998,28,Powai,68630,15,11,15,509,7635,,,,,,,
C0999,34,Bandra,139830,30,4,4,616,2464,,,,,,,
C1000,23,Juhu,55590,23,7,11,462,5082,,,,,,,
C1001,22,Dadar,139570,25,4,13,342,4446,,,,,,,
C1002,24,Dadar,56590,17,3,7,701,4907,,,,,,,
C1003,21,Andheri,47240,13,9,4,785,3140,,,,,,,
C1004,44,Powai,60060,23,8,15,633,9495,,,,,,,
C1005,26,Bandra,73880,27,7,12,675,8100,,,,,,,
C1006,33,Powai,141990,27,6,6,610,3660,,,,,,,
C1007,39,Andheri,119590,25,11,12,487,5844,,,,,,,
C1008,42,Juhu,119740,8,10,7,419,2933,,,,,,,
C1009,23,Powai,119340,12,5,12,395,4740,,,,,,,
C1010,31,Andheri,47980,8,7,9,679,6111,,,,,,,
C1011,30,Juhu,33620,26,5,12,528,6336,,,,,,,
C1012,28,Bandra,130920,10,7,3,694,2082,,,,,,,
C1013,28,Dadar,49880,12,8,8,456,3648,,,,,,,
C1014,44,Bandra,124800,14,4,6,452,2712,,,,,,,
C1015,38,Juhu,132150,12,12,9,426,3834,,,,,,,
C1016,26,Andheri,135930,15,2,13,527,6851,,,,,,,
C1017,24,Dadar,96550,26,5,3,343,1029,,,,,,,
C1018,40,Powai,125710,14,10,3,668,2004,,,,,,,
C1019,42,Dadar,92690,12,11,5,291,1455,,,,,,,
C1020,41,Andheri,78670,18,12,15,359,5385,,,,,,,
C1021,21,Juhu,32960,30,7,4,546,2184,,,,,,,
C1022,44,Powai,81470,25,10,6,561,3366,,,,,,,
C1023,40,Powai,41520,13,4,4,693,2772,,,,,,,
C1024,40,Juhu,125050,10,5,9,705,6345,,,,,,,
C1025,35,Juhu,121870,22,12,12,476,5712,,,,,,,
C1026,41,Powai,48230,25,8,15,491,7365,,,,,,,
C1027,37,Powai,105960,21,6,7,495,3465,,,,,,,
C1028,35,Juhu,129720,11,6,11,472,5192,,,,,,,
C1029,44,Juhu,76540,18,6,8,597,4776,,,,,,,
C1030,39,Bandra,95380,13,12,7,385,2695,,,,,,,
C1031,27,Bandra,30570,9,10,14,727,10178,,,,,,,
C1032,43,Powai,38420,25,11,10,655,6550,,,,,,,
C1033,33,Andheri,41590,8,3,10,464,4640,,,,,,,
C1034,40,Andheri,83360,21,3,5,458,2290,,,,,,,
C1035,35,Juhu,46970,21,3,14,498,6972,,,,,,,
C1036,32,Dadar,119140,9,2,4,495,1980,,,,,,,
C1037,30,Bandra,67880,28,3,14,381,5334,,,,,,,
C1038,32,Andheri,79920,11,2,4,461,1844,,,,,,,
C1039,31,Juhu,91800,14,7,5,290,1450,,,,,,,
C1040,33,Andheri,69110,25,4,3,653,1959,,,,,,,
C1041,44,Bandra,136970,25,5,7,494,3458,,,,,,,
C1042,22,Bandra,134680,17,8,12,666,7992,,,,,,,
C1043,30,Bandra,30800,8,2,8,742,5936,,,,,,,
C1044,23,Dadar,69450,21,6,10,424,4240,,,,,,,
C1045,29,Juhu,32500,19,4,5,373,1865,,,,,,,
C1046,27,Bandra,59120,19,5,11,415,4565,,,,,,,
C1047,36,Bandra,87260,16,4,3,352,1056,,,,,,,
C1048,40,Powai,54650,20,10,6,607,3642,,,,,,,
C1049,23,Powai,139030,16,8,6,709,4254,,,,,,,
C1050,21,Juhu,30800,27,3,8,391,3128,,,,,,,
C1051,23,Dadar,104460,19,12,7,394,2758,,,,,,,
C1052,45,Dadar,76330,22,10,13,343,4459,,,,,,,
C1053,43,Dadar,108340,20,12,10,558,5580,,,,,,,
C1054,23,Andheri,149470,29,7,12,543,6516,,,,,,,
C1055,24,Dadar,101600,27,3,7,321,2247,,,,,,,
C1056,32,Juhu,108670,26,9,12,393,4716,,,,,,,
C1057,44,Juhu,45070,16,2,10,433,4330,,,,,,,
C1058,23,Juhu,64910,8,5,8,286,2288,,,,,,,
C1059,26,Andheri,65310,11,10,5,800,4000,,,,,,,
C1060,39,Dadar,109660,9,8,15,628,9420,,,,,,,
C1061,43,Andheri,106870,24,11,13,752,9776,,,,,,,
C1062,31,Dadar,116530,26,3,3,505,1515,,,,,,,
C1063,21,Andheri,91040,22,5,15,495,7425,,,,,,,
C1064,34,Powai,37740,13,6,15,492,7380,,,,,,,
C1065,35,Dadar,41210,17,3,4,746,2984,,,,,,,
C1066,41,Bandra,110060,8,6,5,458,2290,,,,,,,
C1067,34,Dadar,145050,27,11,6,610,3660,,,,,,,
C1068,35,Bandra,88100,21,8,11,270,2970,,,,,,,
C1069,37,Juhu,102930,29,7,6,255,1530,,,,,,,
C1070,36,Juhu,146380,19,9,14,306,4284,,,,,,,
C1071,41,Juhu,69660,29,2,5,382,1910,,,,,,,
C1072,39,Dadar,57060,29,5,7,497,3479,,,,,,,
C1073,22,Bandra,113880,11,7,5,470,2350,,,,,,,
C1074,34,Bandra,128680,23,11,14,576,8064,,,,,,,
C1075,38,Juhu,93980,21,11,4,512,2048,,,,,,,
C1076,44,Powai,117390,27,9,15,358,5370,,,,,,,
C1077,34,Andheri,109680,9,7,15,427,6405,,,,,,,
C1078,43,Dadar,47980,16,7,12,350,4200,,,,,,,
C1079,22,Dadar,112400,13,9,4,538,2152,,,,,,,
C1080,24,Juhu,108760,27,3,10,270,2700,,,,,,,
C1081,34,Bandra,136300,17,2,4,460,1840,,,,,,,
C1082,23,Juhu,145750,14,9,10,520,5200,,,,,,,
C1083,40,Juhu,106420,28,3,14,462,6468,,,,,,,
C1084,34,Powai,40260,25,10,3,700,2100,,,,,,,
C1085,36,Bandra,105660,24,9,9,613,5517,,,,,,,
C1086,24,Bandra,46600,22,2,10,601,6010,,,,,,,
C1087,44,Powai,107930,23,6,5,378,1890,,,,,,,
C1088,27,Juhu,66860,12,3,15,485,7275,,,,,,,
C1089,24,Andheri,128970,14,7,15,370,5550,,,,,,,
C1090,36,Andheri,70070,14,11,7,451,3157,,,,,,,
C1091,24,Dadar,85710,28,7,14,625,8750,,,,,,,
C1092,42,Dadar,88580,9,10,10,680,6800,,,,,,,
C1093,28,Dadar,121800,13,2,13,297,3861,,,,,,,
C1094,42,Dadar,123170,15,11,15,254,3810,,,,,,,
C1095,29,Dadar,118690,30,9,14,432,6048,,,,,,,
C1096,31,Bandra,80000,23,9,5,593,2965,,,,,,,
C1097,28,Andheri,57030,9,11,8,581,4648,,,,,,,
C1098,45,Juhu,83040,26,6,5,434,2170,,,,,,,
C1099,29,Juhu,84800,10,11,5,353,1765,,,,,,,
C1100,36,Powai,103190,9,11,6,795,4770,,,,,,,
C1101,22,Bandra,121680,8,5,11,698,7678,,,,,,,
C1102,38,Bandra,114110,24,7,5,337,1685,,,,,,,
C1103,44,Powai,74200,16,10,12,758,9096,,,,,,,
C1104,21,Bandra,119490,22,7,5,345,1725,,,,,,,
C1105,27,Dadar,36710,11,7,10,363,3630,,,,,,,
C1106,36,Juhu,121810,17,7,8,497,3976,,,,,,,
C1107,22,Dadar,42920,13,6,5,291,1455,,,,,,,
C1108,33,Dadar,142980,18,5,15,414,6210,,,,,,,
C1109,33,Andheri,115040,25,5,7,486,3402,,,,,,,
C1110,22,Powai,108040,15,6,8,651,5208,,,,,,,
C1111,41,Juhu,144540,17,4,3,454,1362,,,,,,,
C1112,21,Powai,69840,30,5,15,316,4740,,,,,,,
C1113,30,Dadar,113000,9,9,5,418,2090,,,,,,,
C1114,39,Juhu,138060,30,7,14,308,4312,,,,,,,
C1115,41,Juhu,143950,16,11,15,532,7980,,,,,,,
C1116,38,Powai,48430,15,8,13,263,3419,,,,,,,
C1117,44,Dadar,109990,25,7,3,544,1632,,,,,,,
C1118,26,Juhu,119080,18,9,6,731,4386,,,,,,,
C1119,24,Juhu,81860,20,5,10,679,6790,,,,,,,
C1120,34,Juhu,88020,28,6,14,357,4998,,,,,,,
C1121,32,Bandra,95930,18,4,13,770,10010,,,,,,,
C1122,25,Dadar,139050,22,4,6,394,2364,,,,,,,
C1123,44,Andheri,36770,30,3,6,644,3864,,,,,,,
C1124,34,Juhu,39250,20,10,9,493,4437,,,,,,,
C1125,35,Dadar,56000,30,10,10,636,6360,,,,,,,
C1126,24,Juhu,142760,9,9,9,694,6246,,,,,,,
C1127,25,Dadar,50960,11,8,9,566,5094,,,,,,,
C1128,21,Powai,142300,15,12,11,587,6457,,,,,,,
C1129,24,Powai,65780,27,7,9,258,2322,,,,,,,
C1130,25,Powai,141070,30,10,10,585,5850,,,,,,,
C1131,41,Powai,93830,13,2,5,696,3480,,,,,,,
C1132,29,Bandra,45910,9,3,14,761,10654,,,,,,,
C1133,25,Powai,125170,29,12,14,618,8652,,,,,,,
C1134,22,Bandra,88740,11,3,13,740,9620,,,,,,,
C1135,39,Dadar,31770,12,5,9,484,4356,,,,,,,
C1136,21,Andheri,43830,15,2,12,315,3780,,,,,,,
C1137,42,Andheri,42780,9,7,11,777,8547,,,,,,,
C1138,40,Powai,75320,16,3,5,420,2100,,,,,,,
C1139,24,Juhu,45090,19,8,7,749,5243,,,,,,,
C1140,31,Dadar,132490,30,8,8,276,2208,,,,,,,
C1141,22,Powai,85590,13,9,8,476,3808,,,,,,,
C1142,39,Juhu,51040,19,12,13,373,4849,,,,,,,
C1143,38,Andheri,38360,20,7,4,263,1052,,,,,,,
C1144,32,Dadar,39240,19,7,6,790,4740,,,,,,,
C1145,30,Andheri,138450,19,9,11,524,5764,,,,,,,
C1146,34,Bandra,51240,26,9,4,422,1688,,,,,,,
C1147,43,Juhu,118790,29,5,15,343,5145,,,,,,,
C1148,35,Dadar,89780,23,11,13,625,8125,,,,,,,
C1149,45,Juhu,80570,28,9,6,739,4434,,,,,,,
C1150,42,Dadar,40470,11,11,14,459,6426,,,,,,,
C1151,41,Andheri,105510,22,10,15,582,8730,,,,,,,
C1152,23,Dadar,80450,8,12,4,283,1132,,,,,,,
C1153,32,Bandra,125430,23,3,7,372,2604,,,,,,,
C1154,31,Powai,139870,10,2,13,634,8242,,,,,,,
C1155,21,Bandra,92600,23,4,11,606,6666,,,,,,,
C1156,44,Bandra,35700,19,11,9,714,6426,,,,,,,
C1157,41,Bandra,42750,15,9,8,321,2568,,,,,,,
C1158,23,Juhu,67380,20,9,5,606,3030,,,,,,,
C1159,45,Dadar,145580,9,10,12,714,8568,,,,,,,
C1160,35,Dadar,112960,10,11,4,279,1116,,,,,,,
C1161,26,Dadar,77970,16,12,13,778,10114,,,,,,,
C1162,22,Powai,100110,12,7,6,274,1644,,,,,,,
C1163,45,Andheri,146590,17,11,14,412,5768,,,,,,,
C1164,42,Bandra,71860,16,2,5,631,3155,,,,,,,
C1165,35,Andheri,71560,20,7,8,641,5128,,,,,,,
C1166,44,Powai,89360,17,12,8,551,4408,,,,,,,
C1167,44,Powai,56470,20,7,15,342,5130,,,,,,,
C1168,29,Bandra,31270,21,7,9,531,4779,,,,,,,
C1169,34,Andheri,78760,17,10,13,772,10036,,,,,,,
C1170,21,Dadar,138730,14,4,10,538,5380,,,,,,,
C1171,22,Andheri,80290,14,2,12,291,3492,,,,,,,
C1172,41,Powai,92200,14,6,14,606,8484,,,,,,,
C1173,43,Powai,117930,11,11,11,455,5005,,,,,,,
C1174,43,Powai,31710,14,10,6,719,4314,,,,,,,
C1175,34,Bandra,129430,13,11,9,269,2421,,,,,,,
C1176,24,Powai,80720,17,10,10,469,4690,,,,,,,
C1177,39,Powai,44010,14,7,13,604,7852,,,,,,,
C1178,40,Powai,143100,10,2,12,400,4800,,,,,,,
C1179,36,Bandra,68170,16,9,4,669,2676,,,,,,,
C1180,31,Dadar,108330,9,8,10,641,6410,,,,,,,
C1181,44,Bandra,80560,28,11,13,686,8918,,,,,,,
C1182,28,Juhu,46740,18,12,8,761,6088,,,,,,,
C1183,22,Bandra,79470,12,12,8,259,2072,,,,,,,
C1184,41,Powai,144740,17,3,11,758,8338,,,,,,,
C1185,35,Juhu,137850,21,3,9,457,4113,,,,,,,
C1186,45,Andheri,39920,29,6,11,397,4367,,,,,,,
C1187,42,Powai,60390,27,11,15,655,9825,,,,,,,
C1188,32,Dadar,104400,16,9,5,267,1335,,,,,,,
C1189,26,Andheri,53980,26,10,14,489,6846,,,,,,,
C1190,33,Bandra,81140,24,3,12,500,6000,,,,,,,
C1191,38,Andheri,102680,16,12,6,600,3600,,,,,,,
C1192,26,Powai,72920,27,10,14,273,3822,,,,,,,
C1193,23,Bandra,42430,23,11,12,330,3960,,,,,,,
C1194,25,Andheri,141010,27,10,7,470,3290,,,,,,,
C1195,36,Juhu,76900,17,5,7,360,2520,,,,,,,
C1196,41,Andheri,41280,10,11,5,385,1925,,,,,,,
C1197,26,Dadar,38710,27,3,7,642,4494,,,,,,,
C1198,42,Juhu,69190,12,3,10,473,4730,,,,,,,
C1199,40,Dadar,136250,24,9,3,271,813,,,,,,,
C1200,44,Powai,79560,24,3,11,366,4026,,,,,,,
C1201,29,Powai,100100,19,12,15,766,11490,,,,,,,
C1202,36,Juhu,88490,27,3,10,551,5510,,,,,,,
C1203,38,Juhu,129780,23,2,4,403,1612,,,,,,,
C1204,42,Powai,69620,24,8,7,731,5117,,,,,,,
C1205,33,Powai,145510,19,11,9,378,3402,,,,,,,
C1206,43,Bandra,102140,19,5,14,268,3752,,,,,,,
C1207,25,Powai,37900,24,6,12,429,5148,,,,,,,
C1208,25,Dadar,131820,24,9,8,641,5128,,,,,,,
C1209,22,Juhu,128770,21,4,13,576,7488,,,,,,,
C1210,44,Juhu,76640,15,7,13,299,3887,,,,,,,
C1211,30,Powai,105210,21,4,5,401,2005,,,,,,,
C1212,39,Andheri,42580,11,4,13,763,9919,,,,,,,
C1213,41,Juhu,96900,15,8,14,264,3696,,,,,,,
C1214,45,Dadar,68750,8,9,7,568,3976,,,,,,,
C1215,30,Juhu,134660,21,9,5,616,3080,,,,,,,
C1216,26,Bandra,120770,8,3,10,773,7730,,,,,,,
C1217,40,Bandra,135380,8,6,15,724,10860,,,,,,,
C1218,32,Powai,62390,16,4,13,459,5967,,,,,,,
C1219,45,Powai,127950,12,8,12,772,9264,,,,,,,
C1220,34,Powai,49390,17,8,11,583,6413,,,,,,,
C1221,38,Powai,38080,22,9,13,625,8125,,,,,,,
C1222,41,Powai,140690,12,5,4,724,2896,,,,,,,
C1223,35,Dadar,96300,15,2,4,283,1132,,,,,,,
C1224,24,Dadar,64590,29,11,8,284,2272,,,,,,,
C1225,38,Andheri,92430,22,6,13,779,10127,,,,,,,
C1226,40,Bandra,143160,12,7,7,749,5243,,,,,,,
C1227,43,Andheri,33810,18,9,13,313,4069,,,,,,,
C1228,29,Powai,69170,30,12,15,784,11760,,,,,,,
C1229,34,Juhu,105490,30,9,5,395,1975,,,,,,,
C1230,39,Andheri,56100,16,6,8,697,5576,,,,,,,
C1231,39,Dadar,65410,30,9,7,423,2961,,,,,,,
C1232,40,Juhu,103370,14,10,10,562,5620,,,,,,,
C1233,25,Andheri,102120,21,5,8,715,5720,,,,,,,
C1234,34,Juhu,53430,27,7,14,707,9898,,,,,,,
C1235,44,Powai,148150,15,3,9,561,5049,,,,,,,
C1236,23,Bandra,133210,28,12,6,501,3006,,,,,,,
C1237,43,Juhu,70610,26,10,5,728,3640,,,,,,,
C1238,32,Bandra,66670,15,5,7,381,2667,,,,,,,
C1239,45,Andheri,130340,27,6,9,348,3132,,,,,,,
C1240,31,Powai,102230,26,5,15,520,7800,,,,,,,
C1241,41,Bandra,143660,13,7,4,507,2028,,,,,,,
C1242,25,Juhu,148930,24,8,8,363,2904,,,,,,,
C1243,43,Powai,120230,22,4,4,620,2480,,,,,,,
C1244,32,Dadar,86190,13,5,13,474,6162,,,,,,,
C1245,39,Dadar,104170,11,2,9,361,3249,,,,,,,
C1246,42,Andheri,93780,30,8,5,760,3800,,,,,,,
C1247,30,Andheri,118510,12,11,9,776,6984,,,,,,,
C1248,43,Powai,117570,18,12,5,358,1790,,,,,,,
C1249,33,Andheri,45000,22,9,15,386,5790,,,,,,,
C1250,45,Powai,77370,13,5,11,671,7381,,,,,,,
C1251,34,Andheri,42910,14,9,8,503,4024,,,,,,,
C1252,32,Bandra,32900,18,12,8,658,5264,,,,,,,
C1253,30,Bandra,99310,12,2,12,349,4188,,,,,,,
C1254,43,Powai,82880,19,7,15,568,8520,,,,,,,
C1255,41,Andheri,39850,24,2,4,511,2044,,,,,,,
C1256,40,Andheri,97000,10,8,9,308,2772,,,,,,,
C1257,42,Powai,126630,11,3,5,443,2215,,,,,,,
C1258,45,Juhu,106660,8,8,14,388,5432,,,,,,,
C1259,39,Powai,117780,28,10,6,361,2166,,,,,,,
C1260,34,Andheri,85330,11,2,6,778,4668,,,,,,,
C1261,30,Bandra,149240,19,8,11,751,8261,,,,,,,
C1262,21,Dadar,50730,13,6,8,578,4624,,,,,,,
C1263,36,Bandra,135320,29,3,8,371,2968,,,,,,,
C1264,45,Bandra,140260,9,7,6,370,2220,,,,,,,
C1265,32,Bandra,86870,12,3,6,383,2298,,,,,,,
C1266,34,Bandra,34960,24,5,15,630,9450,,,,,,,
C1267,39,Powai,130510,15,9,6,388,2328,,,,,,,
C1268,32,Bandra,44970,16,5,12,437,5244,,,,,,,
C1269,34,Andheri,52210,24,4,6,681,4086,,,,,,,
C1270,22,Andheri,140020,24,10,8,689,5512,,,,,,,
C1271,41,Juhu,125590,22,11,5,378,1890,,,,,,,
C1272,26,Andheri,63640,23,3,7,639,4473,,,,,,,
C1273,25,Andheri,52760,10,11,15,592,8880,,,,,,,
C1274,32,Andheri,57270,24,9,6,281,1686,,,,,,,
C1275,44,Juhu,96630,27,7,11,584,6424,,,,,,,
C1276,26,Andheri,100170,18,5,14,493,6902,,,,,,,
C1277,39,Juhu,75650,21,11,8,345,2760,,,,,,,
C1278,45,Bandra,99550,17,5,14,299,4186,,,,,,,
C1279,24,Dadar,73680,11,7,12,530,6360,,,,,,,
C1280,30,Juhu,79210,26,6,3,416,1248,,,,,,,
C1281,29,Bandra,61310,14,12,13,654,8502,,,,,,,
C1282,44,Dadar,37160,9,10,10,714,7140,,,,,,,
C1283,29,Dadar,133530,22,3,15,512,7680,,,,,,,
C1284,33,Andheri,130480,11,8,4,489,1956,,,,,,,
C1285,42,Dadar,92450,26,5,11,728,8008,,,,,,,
C1286,33,Andheri,134760,19,12,15,301,4515,,,,,,,
C1287,37,Powai,144670,12,10,8,348,2784,,,,,,,
C1288,41,Bandra,74310,28,7,10,606,6060,,,,,,,
C1289,26,Andheri,91050,11,9,9,433,3897,,,,,,,
C1290,33,Juhu,87510,14,2,11,611,6721,,,,,,,
C1291,40,Bandra,71750,23,12,6,685,4110,,,,,,,
C1292,21,Dadar,76550,14,2,4,668,2672,,,,,,,
C1293,23,Powai,100890,12,12,6,447,2682,,,,,,,
C1294,24,Juhu,74780,8,11,5,513,2565,,,,,,,
C1295,39,Bandra,46460,26,5,7,493,3451,,,,,,,
C1296,38,Dadar,113420,25,5,15,633,9495,,,,,,,
C1297,42,Powai,145590,25,2,5,708,3540,,,,,,,
C1298,26,Andheri,119230,9,11,3,479,1437,,,,,,,
C1299,42,Juhu,109610,21,6,6,349,2094,,,,,,,
C1300,24,Bandra,116670,20,11,8,429,3432,,,,,,,
C1301,36,Juhu,100070,13,10,7,766,5362,,,,,,,
C1302,26,Dadar,87680,21,8,13,349,4537,,,,,,,
C1303,21,Andheri,146640,22,3,4,502,2008,,,,,,,
C1304,35,Powai,131600,21,2,6,343,2058,,,,,,,
C1305,41,Andheri,78340,29,3,10,721,7210,,,,,,,
C1306,23,Andheri,129750,12,12,10,310,3100,,,,,,,
C1307,30,Juhu,42260,15,4,3,464,1392,,,,,,,
C1308,22,Dadar,109610,29,2,13,663,8619,,,,,,,
C1309,29,Powai,50260,27,10,14,736,10304,,,,,,,
C1310,31,Powai,130380,19,11,14,336,4704,,,,,,,
C1311,41,Dadar,142930,12,10,7,688,4816,,,,,,,
C1312,34,Dadar,109120,23,2,14,718,10052,,,,,,,
C1313,40,Juhu,102500,15,4,9,454,4086,,,,,,,
C1314,31,Dadar,116290,24,4,7,663,4641,,,,,,,
C1315,24,Dadar,131150,23,5,4,392,1568,,,,,,,
C1316,39,Dadar,62420,25,11,7,420,2940,,,,,,,
C1317,29,Bandra,80440,26,10,15,751,11265,,,,,,,
C1318,36,Juhu,142230,25,8,5,312,1560,,,,,,,
C1319,28,Andheri,56230,27,2,12,755,9060,,,,,,,
C1320,29,Bandra,45830,18,3,5,336,1680,,,,,,,
C1321,27,Juhu,135120,17,3,11,740,8140,,,,,,,
C1322,26,Dadar,106920,25,5,11,617,6787,,,,,,,
C1323,37,Bandra,95510,16,4,3,341,1023,,,,,,,
C1324,36,Dadar,52780,22,10,7,636,4452,,,,,,,
C1325,32,Dadar,43560,30,7,8,362,2896,,,,,,,
C1326,38,Powai,51340,24,4,9,432,3888,,,,,,,
C1327,30,Juhu,94580,9,2,6,405,2430,,,,,,,
C1328,21,Andheri,52270,25,6,8,632,5056,,,,,,,
C1329,44,Dadar,85590,25,9,15,734,11010,,,,,,,
C1330,21,Dadar,140780,27,5,9,571,5139,,,,,,,
C1331,21,Juhu,144950,21,4,4,600,2400,,,,,,,
C1332,22,Powai,105900,26,6,4,478,1912,,,,,,,
C1333,25,Powai,73490,15,6,7,645,4515,,,,,,,
C1334,37,Andheri,146110,12,10,4,449,1796,,,,,,,
C1335,36,Powai,86930,28,2,4,272,1088,,,,,,,
C1336,33,Juhu,46190,21,11,14,345,4830,,,,,,,
C1337,41,Bandra,55160,20,6,13,611,7943,,,,,,,
C1338,41,Bandra,145020,30,5,7,373,2611,,,,,,,
C1339,28,Dadar,133210,13,8,6,463,2778,,,,,,,
C1340,35,Juhu,40520,26,4,11,454,4994,,,,,,,
C1341,29,Juhu,76150,13,6,3,362,1086,,,,,,,
C1342,30,Powai,112830,9,2,11,427,4697,,,,,,,
C1343,35,Andheri,128050,30,10,15,448,6720,,,,,,,
C1344,31,Bandra,30080,20,2,10,295,2950,,,,,,,
C1345,25,Powai,143450,11,11,7,316,2212,,,,,,,
C1346,33,Dadar,82020,17,11,9,536,4824,,,,,,,
C1347,44,Andheri,32490,20,5,10,693,6930,,,,,,,
C1348,33,Andheri,93490,29,10,12,401,4812,,,,,,,
C1349,24,Powai,44040,23,12,11,673,7403,,,,,,,
C1350,21,Andheri,66610,27,10,6,280,1680,,,,,,,
C1351,41,Juhu,137920,22,6,11,342,3762,,,,,,,
C1352,29,Dadar,94390,25,5,9,598,5382,,,,,,,
C1353,29,Dadar,56000,21,8,14,639,8946,,,,,,,
C1354,37,Dadar,71380,21,3,6,434,2604,,,,,,,
C1355,43,Andheri,116430,24,7,13,573,7449,,,,,,,
C1356,23,Powai,69930,17,9,10,340,3400,,,,,,,
C1357,22,Powai,126050,30,12,7,570,3990,,,,,,,
C1358,26,Dadar,118100,27,7,14,452,6328,,,,,,,
C1359,37,Andheri,113850,28,7,9,300,2700,,,,,,,
C1360,28,Bandra,73070,28,5,7,723,5061,,,,,,,
C1361,42,Juhu,61340,29,2,15,431,6465,,,,,,,
C1362,21,Bandra,45710,24,5,14,392,5488,,,,,,,
C1363,31,Andheri,71600,12,6,8,547,4376,,,,,,,
C1364,21,Juhu,137360,9,11,15,788,11820,,,,,,,
C1365,42,Bandra,31690,19,2,7,673,4711,,,,,,,
C1366,28,Juhu,123650,24,7,9,260,2340,,,,,,,
C1367,30,Bandra,89510,21,12,15,793,11895,,,,,,,
C1368,40,Andheri,60560,9,9,5,354,1770,,,,,,,
C1369,21,Juhu,124070,28,7,3,668,2004,,,,,,,
C1370,28,Powai,129060,9,11,11,450,4950,,,,,,,
C1371,24,Powai,141670,13,4,15,761,11415,,,,,,,
C1372,42,Bandra,84630,20,4,4,614,2456,,,,,,,
C1373,39,Andheri,40840,24,5,5,333,1665,,,,,,,
C1374,40,Powai,82900,16,11,13,641,8333,,,,,,,
C1375,27,Bandra,31210,26,2,15,607,9105,,,,,,,
C1376,23,Dadar,101650,11,10,4,779,3116,,,,,,,
C1377,38,Dadar,75580,12,11,3,720,2160,,,,,,,
C1378,29,Bandra,54110,25,4,7,312,2184,,,,,,,
C1379,31,Powai,58650,12,6,5,313,1565,,,,,,,
C1380,39,Powai,51430,9,6,6,545,3270,,,,,,,
C1381,34,Bandra,116140,13,2,14,268,3752,,,,,,,
C1382,37,Juhu,46190,15,10,14,291,4074,,,,,,,
C1383,43,Dadar,88260,10,6,6,373,2238,,,,,,,
C1384,25,Juhu,98530,18,3,15,431,6465,,,,,,,
C1385,40,Dadar,105910,15,6,10,270,2700,,,,,,,
C1386,36,Bandra,147590,27,10,14,528,7392,,,,,,,
C1387,33,Andheri,95480,19,10,4,489,1956,,,,,,,
C1388,21,Juhu,114060,11,2,12,637,7644,,,,,,,
C1389,27,Bandra,87300,9,8,8,757,6056,,,,,,,
C1390,43,Bandra,147600,21,10,6,360,2160,,,,,,,
C1391,44,Juhu,113970,18,5,7,652,4564,,,,,,,
C1392,41,Juhu,124490,23,3,15,654,9810,,,,,,,
C1393,42,Powai,127810,24,5,13,695,9035,,,,,,,
C1394,26,Juhu,94610,8,4,15,333,4995,,,,,,,
C1395,43,Andheri,61500,12,8,8,508,4064,,,,,,,
C1396,22,Juhu,113000,26,9,9,461,4149,,,,,,,
C1397,31,Juhu,135010,20,3,11,390,4290,,,,,,,
C1398,33,Bandra,87110,28,2,6,557,3342,,,,,,,
C1399,42,Juhu,73260,14,10,6,711,4266,,,,,,,
C1400,33,Powai,118030,15,5,7,498,3486,,,,,,,
C1401,26,Andheri,59020,22,6,12,588,7056,,,,,,,
C1402,37,Juhu,121350,29,4,5,729,3645,,,,,,,
C1403,40,Dadar,132970,30,8,8,768,6144,,,,,,,
C1404,28,Powai,38600,20,10,8,763,6104,,,,,,,
C1405,33,Andheri,54410,21,3,12,662,7944,,,,,,,
C1406,41,Juhu,137200,16,7,12,492,5904,,,,,,,
C1407,30,Powai,80300,25,11,8,274,2192,,,,,,,
C1408,35,Juhu,71160,26,3,13,599,7787,,,,,,,
C1409,44,Bandra,117520,9,7,7,654,4578,,,,,,,
C1410,29,Juhu,125670,29,5,11,758,8338,,,,,,,
C1411,38,Bandra,144010,20,11,8,451,3608,,,,,,,
C1412,21,Andheri,117020,19,9,15,640,9600,,,,,,,
C1413,36,Powai,148540,23,3,15,523,7845,,,,,,,
C1414,29,Andheri,50280,23,8,13,271,3523,,,,,,,
C1415,26,Bandra,30980,21,5,5,528,2640,,,,,,,
C1416,45,Juhu,83760,16,3,3,627,1881,,,,,,,
C1417,31,Bandra,55640,11,9,12,557,6684,,,,,,,
C1418,44,Andheri,61890,28,6,13,590,7670,,,,,,,
C1419,45,Powai,74920,16,3,15,516,7740,,,,,,,
C1420,38,Powai,115650,9,8,12,507,6084,,,,,,,
C1421,43,Andheri,74370,21,12,10,508,5080,,,,,,,
C1422,37,Dadar,69620,20,5,8,620,4960,,,,,,,
C1423,25,Andheri,137680,17,9,5,283,1415,,,,,,,
C1424,39,Andheri,131960,21,5,4,400,1600,,,,,,,
C1425,39,Juhu,69360,28,8,4,701,2804,,,,,,,
C1426,35,Powai,85580,14,2,4,432,1728,,,,,,,
C1427,21,Bandra,63160,11,12,7,437,3059,,,,,,,
C1428,31,Dadar,84660,26,5,15,316,4740,,,,,,,
C1429,30,Powai,71820,26,11,11,652,7172,,,,,,,
C1430,32,Powai,79130,11,4,12,396,4752,,,,,,,
C1431,44,Andheri,132200,11,3,8,622,4976,,,,,,,
C1432,27,Andheri,30450,20,5,15,800,12000,,,,,,,
C1433,39,Andheri,140290,24,2,9,540,4860,,,,,,,
C1434,36,Juhu,30380,29,12,10,449,4490,,,,,,,
C1435,24,Dadar,135390,28,8,11,524,5764,,,,,,,
C1436,24,Dadar,108050,25,9,11,354,3894,,,,,,,
C1437,31,Powai,72460,24,9,11,278,3058,,,,,,,
C1438,42,Bandra,129220,8,9,8,418,3344,,,,,,,
C1439,40,Juhu,107360,20,3,8,654,5232,,,,,,,
C1440,43,Powai,117500,30,6,5,724,3620,,,,,,,
C1441,44,Powai,82900,27,8,10,519,5190,,,,,,,
C1442,45,Dadar,139760,30,5,12,765,9180,,,,,,,
C1443,25,Bandra,30890,29,6,14,288,4032,,,,,,,
C1444,21,Dadar,32540,28,8,12,274,3288,,,,,,,
C1445,36,Bandra,62200,14,8,13,465,6045,,,,,,,
C1446,42,Powai,61430,22,3,6,782,4692,,,,,,,
C1447,34,Andheri,124350,11,7,15,765,11475,,,,,,,
C1448,45,Bandra,125120,26,4,6,354,2124,,,,,,,
C1449,34,Juhu,72460,9,9,7,657,4599,,,,,,,
C1450,40,Andheri,131500,17,5,10,345,3450,,,,,,,
C1451,39,Juhu,35770,23,5,8,502,4016,,,,,,,
C1452,31,Bandra,43840,10,3,3,267,801,,,,,,,
C1453,37,Powai,107010,20,3,10,535,5350,,,,,,,
C1454,42,Bandra,76910,16,7,6,628,3768,,,,,,,
C1455,25,Powai,108380,10,8,7,769,5383,,,,,,,
C1456,39,Bandra,54560,17,6,3,549,1647,,,,,,,
C1457,45,Powai,67960,14,7,4,492,1968,,,,,,,
C1458,44,Juhu,121150,9,6,12,746,8952,,,,,,,
C1459,42,Bandra,80980,24,2,7,333,2331,,,,,,,
C1460,29,Bandra,121140,12,2,3,725,2175,,,,,,,
C1461,38,Andheri,149150,14,9,11,753,8283,,,,,,,
C1462,32,Bandra,132760,28,10,4,451,1804,,,,,,,
C1463,22,Powai,62270,20,10,3,391,1173,,,,,,,
C1464,41,Dadar,66730,26,9,6,468,2808,,,,,,,
C1465,25,Andheri,39770,29,6,4,531,2124,,,,,,,
C1466,23,Dadar,46110,8,6,10,340,3400,,,,,,,
C1467,34,Powai,42850,12,7,11,497,5467,,,,,,,
C1468,27,Juhu,132800,8,5,8,305,2440,,,,,,,
C1469,34,Powai,54550,22,11,9,758,6822,,,,,,,
C1470,41,Bandra,74250,30,11,15,258,3870,,,,,,,
C1471,24,Bandra,53180,9,8,15,435,6525,,,,,,,
C1472,22,Juhu,44040,28,12,11,673,7403,,,,,,,
C1473,36,Juhu,123050,18,12,15,362,5430,,,,,,,
C1474,39,Andheri,82630,14,2,12,309,3708,,,,,,,
C1475,35,Dadar,95810,25,7,14,698,9772,,,,,,,
C1476,40,Bandra,47920,12,11,7,663,4641,,,,,,,
C1477,44,Juhu,133890,13,5,12,342,4104,,,,,,,
C1478,24,Bandra,57950,27,5,9,374,3366,,,,,,,
C1479,22,Powai,133460,22,4,10,500,5000,,,,,,,
C1480,33,Andheri,84670,24,5,3,670,2010,,,,,,,
C1481,38,Powai,70990,27,12,8,719,5752,,,,,,,
C1482,40,Dadar,121250,18,10,5,720,3600,,,,,,,
C1483,35,Juhu,144290,15,3,7,769,5383,,,,,,,
C1484,30,Juhu,103990,24,7,4,529,2116,,,,,,,
C1485,26,Dadar,119680,20,12,4,416,1664,,,,,,,
C1486,27,Andheri,38170,19,5,3,501,1503,,,,,,,
C1487,43,Andheri,37590,22,5,7,750,5250,,,,,,,
C1488,37,Powai,133990,12,3,13,252,3276,,,,,,,
C1489,24,Dadar,54510,11,2,8,434,3472,,,,,,,
C1490,44,Juhu,147610,20,12,8,677,5416,,,,,,,
C1491,31,Powai,73500,11,4,4,395,1580,,,,,,,
C1492,34,Powai,122590,30,8,15,559,8385,,,,,,,
C1493,26,Dadar,31390,16,2,10,277,2770,,,,,,,
C1494,26,Dadar,139530,8,2,13,273,3549,,,,,,,
C1495,25,Juhu,78130,28,2,8,441,3528,,,,,,,
C1496,30,Dadar,41560,9,5,3,649,1947,,,,,,,
C1497,43,Dadar,107210,24,6,3,586,1758,,,,,,,
C1498,35,Juhu,119650,9,6,15,593,8895,,,,,,,
C1499,42,Andheri,88910,21,8,15,725,10875,,,,,,,
C1500,31,Juhu,53180,11,6,14,590,8260,,,,,,,
C1501,42,Dadar,109440,8,3,10,357,3570,,,,,,,
C1502,28,Andheri,107020,21,7,9,258,2322,,,,,,,
C1503,31,Bandra,53840,23,9,9,689,6201,,,,,,,
C1504,43,Andheri,35650,20,12,5,306,1530,,,,,,,
C1505,37,Bandra,48330,23,7,15,504,7560,,,,,,,
C1506,38,Bandra,32470,19,3,6,326,1956,,,,,,,
C1507,21,Juhu,112640,23,8,6,681,4086,,,,,,,
C1508,28,Dadar,141630,15,2,12,294,3528,,,,,,,
C1509,30,Juhu,127490,26,5,5,799,3995,,,,,,,
C1510,31,Juhu,126490,16,10,4,414,1656,,,,,,,
C1511,30,Powai,104070,9,12,8,758,6064,,,,,,,
C1512,43,Andheri,56020,9,9,14,364,5096,,,,,,,
C1513,24,Juhu,112860,8,7,15,378,5670,,,,,,,
C1514,43,Powai,40090,12,3,15,797,11955,,,,,,,
C1515,34,Dadar,112960,10,4,13,543,7059,,,,,,,
C1516,27,Bandra,100950,13,7,7,362,2534,,,,,,,
C1517,31,Juhu,99790,22,12,12,628,7536,,,,,,,
C1518,24,Bandra,68830,16,12,3,363,1089,,,,,,,
C1519,30,Andheri,55840,12,10,9,367,3303,,,,,,,
C1520,37,Dadar,141710,16,5,12,514,6168,,,,,,,
C1521,37,Bandra,108300,22,4,3,296,888,,,,,,,
C1522,33,Bandra,79050,17,4,13,436,5668,,,,,,,
C1523,35,Juhu,97790,16,11,5,640,3200,,,,,,,
C1524,24,Andheri,54700,21,12,10,398,3980,,,,,,,
C1525,25,Bandra,111250,28,8,11,755,8305,,,,,,,
C1526,21,Dadar,99270,22,12,14,730,10220,,,,,,,
C1527,31,Juhu,90690,25,9,9,492,4428,,,,,,,
C1528,33,Juhu,106750,23,10,9,661,5949,,,,,,,
C1529,27,Powai,119130,15,4,11,696,7656,,,,,,,
C1530,26,Bandra,120110,23,3,11,491,5401,,,,,,,
C1531,22,Juhu,90970,21,2,9,792,7128,,,,,,,
C1532,28,Powai,147580,15,10,14,557,7798,,,,,,,
C1533,44,Andheri,79060,26,12,12,752,9024,,,,,,,
C1534,34,Andheri,40750,28,5,3,643,1929,,,,,,,
C1535,24,Powai,53770,10,8,7,278,1946,,,,,,,
C1536,45,Dadar,44420,17,4,14,518,7252,,,,,,,
C1537,30,Powai,48350,13,12,4,332,1328,,,,,,,
C1538,39,Juhu,100940,30,10,12,489,5868,,,,,,,
C1539,31,Juhu,134320,9,9,3,559,1677,,,,,,,
C1540,45,Bandra,80950,17,8,7,680,4760,,,,,,,
C1541,41,Powai,149390,12,5,5,348,1740,,,,,,,
C1542,31,Andheri,30810,10,8,6,264,1584,,,,,,,
C1543,28,Andheri,48390,28,3,15,340,5100,,,,,,,
C1544,34,Dadar,32760,18,8,13,609,7917,,,,,,,
C1545,27,Andheri,45370,15,12,13,628,8164,,,,,,,
C1546,26,Dadar,130510,30,7,12,571,6852,,,,,,,
C1547,35,Dadar,134850,15,12,9,540,4860,,,,,,,
C1548,38,Bandra,85910,25,3,3,498,1494,,,,,,,
C1549,42,Dadar,127630,25,11,14,397,5558,,,,,,,
C1550,40,Powai,31990,12,12,11,498,5478,,,,,,,
C1551,32,Andheri,110360,22,8,10,274,2740,,,,,,,
C1552,34,Powai,71260,12,12,4,453,1812,,,,,,,
C1553,24,Juhu,65880,11,9,14,310,4340,,,,,,,
C1554,36,Powai,95140,28,11,9,462,4158,,,,,,,
C1555,25,Andheri,128570,27,10,12,338,4056,,,,,,,
C1556,38,Powai,53250,9,4,13,569,7397,,,,,,,
C1557,30,Bandra,134750,16,4,7,684,4788,,,,,,,
C1558,30,Bandra,30510,28,4,4,331,1324,,,,,,,
C1559,37,Juhu,65470,21,9,9,759,6831,,,,,,,
C1560,28,Powai,86350,26,4,14,666,9324,,,,,,,
C1561,44,Juhu,136400,10,11,13,337,4381,,,,,,,
C1562,25,Bandra,74680,18,11,4,378,1512,,,,,,,
C1563,36,Powai,140300,12,12,5,636,3180,,,,,,,
C1564,26,Andheri,59400,15,2,7,786,5502,,,,,,,
C1565,21,Juhu,143920,13,4,7,353,2471,,,,,,,
C1566,43,Bandra,73000,23,5,15,701,10515,,,,,,,
C1567,36,Andheri,138480,26,8,13,335,4355,,,,,,,
C1568,39,Juhu,88170,14,2,7,424,2968,,,,,,,
C1569,24,Powai,56740,24,7,15,593,8895,,,,,,,
C1570,43,Powai,38490,9,7,15,724,10860,,,,,,,
C1571,21,Powai,134990,30,4,12,711,8532,,,,,,,
C1572,31,Dadar,136290,9,9,9,357,3213,,,,,,,
C1573,42,Dadar,131470,19,3,9,309,2781,,,,,,,
C1574,23,Juhu,40470,10,4,5,346,1730,,,,,,,
C1575,23,Andheri,133480,12,6,4,634,2536,,,,,,,
C1576,34,Bandra,45820,22,2,6,589,3534,,,,,,,
C1577,37,Dadar,126410,26,12,12,762,9144,,,,,,,
C1578,43,Bandra,124370,30,7,3,336,1008,,,,,,,
C1579,40,Powai,112530,17,2,15,298,4470,,,,,,,
C1580,24,Dadar,113970,9,5,3,789,2367,,,,,,,
C1581,41,Andheri,68860,18,2,7,798,5586,,,,,,,
C1582,36,Bandra,76810,20,3,10,604,6040,,,,,,,
C1583,28,Juhu,135970,19,5,10,797,7970,,,,,,,
C1584,44,Powai,56070,15,4,11,701,7711,,,,,,,
C1585,25,Andheri,68200,13,9,13,647,8411,,,,,,,
C1586,22,Juhu,129230,26,10,12,739,8868,,,,,,,
C1587,42,Andheri,35840,13,6,9,517,4653,,,,,,,
C1588,40,Bandra,87020,18,12,8,471,3768,,,,,,,
C1589,43,Powai,100710,30,6,12,723,8676,,,,,,,
C1590,34,Bandra,68180,17,12,7,788,5516,,,,,,,
C1591,36,Powai,65990,24,2,13,621,8073,,,,,,,
C1592,31,Powai,106860,27,6,13,653,8489,,,,,,,
C1593,37,Juhu,145140,13,4,5,405,2025,,,,,,,
C1594,38,Powai,96200,23,7,8,699,5592,,,,,,,
C1595,38,Dadar,100110,18,11,10,558,5580,,,,,,,
C1596,38,Andheri,89240,29,11,6,670,4020,,,,,,,
C1597,26,Bandra,121920,12,10,8,695,5560,,,,,,,
C1598,42,Dadar,121590,16,5,9,486,4374,,,,,,,
C1599,44,Dadar,75880,27,2,10,599,5990,,,,,,,
C1600,43,Juhu,119430,12,5,13,277,3601,,,,,,,
C1601,28,Powai,39050,30,3,11,577,6347,,,,,,,
C1602,33,Juhu,51680,13,2,8,732,5856,,,,,,,
C1603,28,Juhu,138150,22,5,15,528,7920,,,,,,,
C1604,43,Juhu,58400,14,9,7,761,5327,,,,,,,
C1605,41,Powai,90400,27,5,11,542,5962,,,,,,,
C1606,39,Juhu,81520,15,10,3,302,906,,,,,,,
C1607,31,Bandra,31310,15,6,8,648,5184,,,,,,,
C1608,37,Bandra,108370,17,6,10,688,6880,,,,,,,
C1609,37,Dadar,122110,25,12,4,640,2560,,,,,,,
C1610,28,Dadar,102850,15,10,10,677,6770,,,,,,,
C1611,22,Bandra,68990,9,7,7,627,4389,,,,,,,
C1612,29,Bandra,97210,19,7,7,624,4368,,,,,,,
C1613,21,Dadar,75180,8,3,12,256,3072,,,,,,,
C1614,33,Dadar,36080,23,5,7,381,2667,,,,,,,
C1615,31,Andheri,122390,11,7,5,298,1490,,,,,,,
C1616,31,Juhu,71590,21,12,12,671,8052,,,,,,,
C1617,41,Juhu,55520,21,11,9,311,2799,,,,,,,
C1618,44,Andheri,94510,13,7,10,279,2790,,,,,,,
C1619,25,Dadar,64970,10,3,7,407,2849,,,,,,,
C1620,37,Powai,87690,27,12,10,713,7130,,,,,,,
C1621,32,Powai,77810,24,3,8,296,2368,,,,,,,
C1622,36,Dadar,30940,12,11,10,726,7260,,,,,,,
C1623,39,Bandra,58070,18,5,10,714,7140,,,,,,,
C1624,38,Juhu,142040,12,8,15,687,10305,,,,,,,
C1625,29,Andheri,102640,14,7,8,762,6096,,,,,,,
C1626,23,Andheri,78520,30,5,10,413,4130,,,,,,,
C1627,28,Powai,129320,12,12,9,386,3474,,,,,,,
C1628,26,Dadar,80030,18,12,9,557,5013,,,,,,,
C1629,41,Powai,73880,19,10,7,573,4011,,,,,,,
C1630,28,Powai,143550,30,9,15,467,7005,,,,,,,
C1631,29,Powai,134380,20,3,9,345,3105,,,,,,,
C1632,25,Andheri,103370,20,7,9,783,7047,,,,,,,
C1633,39,Andheri,144850,22,3,4,404,1616,,,,,,,
C1634,21,Juhu,57800,28,12,11,507,5577,,,,,,,
C1635,45,Bandra,134750,30,10,7,412,2884,,,,,,,
C1636,29,Dadar,146070,11,7,4,610,2440,,,,,,,
C1637,29,Dadar,101800,20,11,12,716,8592,,,,,,,
C1638,40,Andheri,88500,11,12,9,572,5148,,,,,,,
C1639,27,Bandra,30850,30,8,15,789,11835,,,,,,,
C1640,27,Andheri,97630,30,2,6,448,2688,,,,,,,
C1641,41,Powai,30660,13,4,15,468,7020,,,,,,,
C1642,23,Juhu,136500,24,8,12,321,3852,,,,,,,
C1643,23,Andheri,139390,20,4,4,265,1060,,,,,,,
C1644,44,Dadar,127490,17,8,4,415,1660,,,,,,,
C1645,38,Bandra,49730,24,8,15,567,8505,,,,,,,
C1646,23,Powai,48560,21,12,10,728,7280,,,,,,,
C1647,21,Andheri,138220,14,12,10,359,3590,,,,,,,
C1648,21,Powai,149320,29,9,3,593,1779,,,,,,,
C1649,35,Bandra,87600,29,4,13,593,7709,,,,,,,
C1650,28,Juhu,52240,13,4,3,366,1098,,,,,,,
C1651,42,Andheri,60070,28,10,6,386,2316,,,,,,,
C1652,36,Juhu,123620,12,7,15,317,4755,,,,,,,
C1653,40,Dadar,60220,17,4,8,311,2488,,,,,,,
C1654,23,Juhu,123950,30,7,7,463,3241,,,,,,,
C1655,35,Bandra,132490,17,7,7,775,5425,,,,,,,
C1656,33,Andheri,53940,30,2,8,389,3112,,,,,,,
C1657,45,Powai,55840,14,4,7,273,1911,,,,,,,
C1658,35,Powai,45920,24,7,12,326,3912,,,,,,,
C1659,36,Juhu,142840,12,4,7,527,3689,,,,,,,
C1660,24,Dadar,54900,18,5,3,678,2034,,,,,,,
C1661,26,Dadar,53690,15,3,11,734,8074,,,,,,,
C1662,41,Powai,61760,12,4,6,544,3264,,,,,,,
C1663,38,Andheri,45940,9,2,8,781,6248,,,,,,,
C1664,30,Bandra,47570,21,2,6,780,4680,,,,,,,
C1665,38,Juhu,37280,21,11,7,792,5544,,,,,,,
C1666,27,Juhu,66890,13,7,9,527,4743,,,,,,,
C1667,40,Juhu,40010,8,4,9,362,3258,,,,,,,
C1668,31,Powai,91080,30,6,15,557,8355,,,,,,,
C1669,33,Andheri,50680,18,9,4,369,1476,,,,,,,
C1670,39,Bandra,148590,13,11,10,628,6280,,,,,,,
C1671,33,Bandra,116640,28,8,10,718,7180,,,,,,,
C1672,30,Powai,69590,14,5,12,663,7956,,,,,,,
C1673,35,Juhu,81560,9,2,5,347,1735,,,,,,,
C1674,43,Bandra,92730,16,12,4,412,1648,,,,,,,
C1675,32,Juhu,89840,13,10,12,690,8280,,,,,,,
C1676,21,Bandra,76850,15,8,5,421,2105,,,,,,,
C1677,44,Powai,72290,27,10,12,253,3036,,,,,,,
C1678,27,Powai,51250,16,2,5,296,1480,,,,,,,
C1679,31,Andheri,118400,17,11,14,272,3808,,,,,,,
C1680,40,Andheri,62530,10,12,13,559,7267,,,,,,,
C1681,40,Juhu,99930,26,10,5,642,3210,,,,,,,
C1682,30,Dadar,45090,17,10,7,441,3087,,,,,,,
C1683,38,Dadar,77940,29,6,11,571,6281,,,,,,,
C1684,45,Andheri,138900,26,9,5,563,2815,,,,,,,
C1685,33,Andheri,103860,28,10,14,533,7462,,,,,,,
C1686,41,Juhu,63420,22,2,7,471,3297,,,,,,,
C1687,33,Powai,90060,10,9,5,552,2760,,,,,,,
C1688,35,Andheri,77420,24,8,12,718,8616,,,,,,,
C1689,24,Dadar,125920,27,11,9,326,2934,,,,,,,
C1690,33,Dadar,131120,23,10,14,379,5306,,,,,,,
C1691,33,Juhu,114040,17,12,6,692,4152,,,,,,,
C1692,33,Powai,56830,16,7,10,315,3150,,,,,,,
C1693,36,Andheri,58160,19,6,5,557,2785,,,,,,,
C1694,40,Juhu,32550,29,2,12,365,4380,,,,,,,
C1695,42,Andheri,115730,17,12,15,358,5370,,,,,,,
C1696,21,Juhu,79160,12,11,3,296,888,,,,,,,
C1697,41,Bandra,101570,19,4,3,698,2094,,,,,,,
C1698,24,Powai,93080,10,8,10,449,4490,,,,,,,
C1699,26,Dadar,122780,27,7,12,774,9288,,,,,,,
C1700,28,Juhu,87340,26,2,8,579,4632,,,,,,,
C1701,34,Powai,97060,15,6,13,689,8957,,,,,,,
C1702,21,Juhu,129620,18,4,12,701,8412,,,,,,,
C1703,28,Andheri,143200,10,4,7,293,2051,,,,,,,
C1704,25,Powai,46620,22,3,11,579,6369,,,,,,,
C1705,41,Andheri,36880,25,3,5,528,2640,,,,,,,
C1706,37,Andheri,146600,14,7,13,405,5265,,,,,,,
C1707,38,Bandra,149380,12,10,14,497,6958,,,,,,,
C1708,24,Andheri,69330,20,7,6,415,2490,,,,,,,
C1709,23,Bandra,131980,10,6,15,763,11445,,,,,,,
C1710,42,Andheri,65790,8,8,15,346,5190,,,,,,,
C1711,44,Bandra,55530,24,11,11,426,4686,,,,,,,
C1712,40,Juhu,135290,13,9,5,413,2065,,,,,,,
C1713,24,Juhu,122570,25,10,10,346,3460,,,,,,,
C1714,25,Andheri,80470,9,12,11,567,6237,,,,,,,
C1715,32,Bandra,97280,18,9,6,434,2604,,,,,,,
C1716,45,Andheri,46210,18,4,8,404,3232,,,,,,,
C1717,26,Andheri,75740,20,10,5,335,1675,,,,,,,
C1718,30,Powai,147620,19,6,12,389,4668,,,,,,,
C1719,23,Powai,126990,24,5,5,620,3100,,,,,,,
C1720,37,Juhu,100410,29,7,7,346,2422,,,,,,,
C1721,39,Dadar,97700,22,3,4,641,2564,,,,,,,
C1722,22,Powai,33020,29,2,3,674,2022,,,,,,,
C1723,44,Dadar,80950,20,4,9,535,4815,,,,,,,
C1724,35,Powai,42250,15,5,4,419,1676,,,,,,,
C1725,41,Andheri,134720,18,2,12,648,7776,,,,,,,
C1726,26,Powai,143580,21,7,11,300,3300,,,,,,,
C1727,26,Powai,80860,11,3,11,551,6061,,,,,,,
C1728,42,Juhu,145080,21,3,11,392,4312,,,,,,,
C1729,22,Bandra,52400,18,8,8,569,4552,,,,,,,
C1730,22,Dadar,41180,13,2,3,463,1389,,,,,,,
C1731,26,Powai,63470,22,11,13,477,6201,,,,,,,
C1732,41,Juhu,34540,18,3,6,681,4086,,,,,,,
C1733,32,Bandra,96500,30,5,10,701,7010,,,,,,,
C1734,44,Dadar,83620,24,4,15,503,7545,,,,,,,
C1735,41,Bandra,139410,16,2,8,263,2104,,,,,,,
C1736,40,Powai,100500,14,11,14,560,7840,,,,,,,
C1737,43,Andheri,114680,25,4,10,315,3150,,,,,,,
C1738,30,Powai,148050,27,3,10,280,2800,,,,,,,
C1739,23,Powai,96460,17,3,15,720,10800,,,,,,,
C1740,33,Powai,84220,26,2,12,709,8508,,,,,,,
C1741,33,Dadar,142870,18,3,11,616,6776,,,,,,,
C1742,33,Dadar,62090,23,11,8,780,6240,,,,,,,
C1743,22,Powai,72760,9,10,4,562,2248,,,,,,,
C1744,37,Andheri,133330,16,9,8,253,2024,,,,,,,
C1745,39,Juhu,113020,25,7,8,570,4560,,,,,,,
C1746,40,Juhu,146370,13,3,7,776,5432,,,,,,,
C1747,44,Dadar,122820,12,4,13,258,3354,,,,,,,
C1748,39,Powai,38550,18,12,5,500,2500,,,,,,,
C1749,21,Dadar,97250,13,5,7,687,4809,,,,,,,
C1750,41,Dadar,95720,20,5,11,306,3366,,,,,,,
C1751,40,Bandra,72990,16,8,11,407,4477,,,,,,,
C1752,33,Andheri,146350,20,4,15,544,8160,,,,,,,
C1753,35,Bandra,43960,26,2,7,622,4354,,,,,,,
C1754,32,Bandra,32990,20,4,9,727,6543,,,,,,,
C1755,24,Bandra,137600,22,6,10,252,2520,,,,,,,
C1756,25,Juhu,38650,27,6,4,433,1732,,,,,,,
C1757,32,Andheri,55080,22,6,4,606,2424,,,,,,,
C1758,23,Juhu,122690,24,3,7,456,3192,,,,,,,
C1759,24,Juhu,106870,20,11,4,660,2640,,,,,,,
C1760,27,Powai,126000,10,7,6,591,3546,,,,,,,
C1761,34,Powai,118820,20,6,3,318,954,,,,,,,
C1762,23,Powai,45010,16,9,9,627,5643,,,,,,,
C1763,29,Juhu,58060,24,8,6,451,2706,,,,,,,
C1764,42,Andheri,138270,23,5,11,676,7436,,,,,,,
C1765,38,Bandra,67450,13,12,11,274,3014,,,,,,,
C1766,45,Powai,45630,22,3,9,625,5625,,,,,,,
C1767,29,Dadar,135080,18,3,9,401,3609,,,,,,,
C1768,34,Andheri,102140,20,2,7,513,3591,,,,,,,
C1769,21,Powai,95640,27,6,11,611,6721,,,,,,,
C1770,31,Powai,77710,18,10,9,362,3258,,,,,,,
C1771,33,Bandra,148640,13,9,8,287,2296,,,,,,,
C1772,43,Andheri,43780,9,10,14,554,7756,,,,,,,
C1773,21,Bandra,48920,9,2,11,671,7381,,,,,,,
C1774,23,Powai,38480,11,5,13,479,6227,,,,,,,
C1775,40,Andheri,31230,12,5,3,363,1089,,,,,,,
C1776,28,Andheri,47510,11,4,3,371,1113,,,,,,,
C1777,29,Powai,75460,23,11,5,724,3620,,,,,,,
C1778,39,Bandra,136570,30,8,8,482,3856,,,,,,,
C1779,40,Powai,114440,22,6,7,569,3983,,,,,,,
C1780,39,Bandra,108640,22,9,9,735,6615,,,,,,,
C1781,32,Juhu,63910,19,6,4,750,3000,,,,,,,
C1782,43,Andheri,50260,13,6,13,665,8645,,,,,,,
C1783,21,Powai,37090,15,6,8,498,3984,,,,,,,
C1784,21,Powai,51190,10,11,7,540,3780,,,,,,,
C1785,28,Dadar,122650,16,4,6,609,3654,,,,,,,
C1786,26,Dadar,149220,20,12,3,549,1647,,,,,,,
C1787,36,Juhu,96030,27,3,9,495,4455,,,,,,,
C1788,38,Dadar,103120,19,10,13,562,7306,,,,,,,
C1789,22,Powai,131780,20,9,13,745,9685,,,,,,,
C1790,42,Powai,85660,24,11,7,293,2051,,,,,,,
C1791,29,Powai,130990,27,3,13,699,9087,,,,,,,
C1792,29,Bandra,52270,18,7,9,722,6498,,,,,,,
C1793,41,Dadar,146780,18,11,14,334,4676,,,,,,,
C1794,31,Juhu,80570,29,9,15,665,9975,,,,,,,
C1795,42,Juhu,99390,25,7,12,384,4608,,,,,,,
C1796,36,Juhu,116030,13,12,5,554,2770,,,,,,,
C1797,41,Juhu,99030,10,5,8,527,4216,,,,,,,
C1798,28,Bandra,59710,9,3,15,709,10635,,,,,,,
C1799,44,Powai,53200,24,3,11,270,2970,,,,,,,
C1800,40,Dadar,132670,23,6,6,681,4086,,,,,,,
C1801,28,Andheri,64770,16,2,6,529,3174,,,,,,,
C1802,24,Bandra,104170,8,8,10,454,4540,,,,,,,
C1803,35,Andheri,50400,30,4,13,656,8528,,,,,,,
C1804,31,Juhu,66470,8,4,9,562,5058,,,,,,,
C1805,22,Powai,81820,26,5,3,435,1305,,,,,,,
C1806,21,Juhu,115340,12,3,3,295,885,,,,,,,
C1807,27,Bandra,72540,30,9,10,646,6460,,,,,,,
C1808,39,Powai,82470,16,8,8,300,2400,,,,,,,
C1809,40,Powai,128340,28,6,9,397,3573,,,,,,,
C1810,30,Andheri,71700,24,11,7,604,4228,,,,,,,
C1811,41,Bandra,41130,22,11,8,471,3768,,,,,,,
C1812,45,Andheri,135530,22,10,13,757,9841,,,,,,,
C1813,25,Bandra,70240,22,2,4,728,2912,,,,,,,
C1814,25,Juhu,84990,21,11,13,375,4875,,,,,,,
C1815,36,Dadar,39730,17,2,14,493,6902,,,,,,,
C1816,40,Dadar,141910,12,4,4,671,2684,,,,,,,
C1817,40,Juhu,33100,15,10,4,507,2028,,,,,,,
C1818,28,Dadar,98220,17,9,8,688,5504,,,,,,,
C1819,32,Juhu,112620,14,6,15,689,10335,,,,,,,
C1820,30,Powai,91320,16,6,14,460,6440,,,,,,,
C1821,32,Andheri,82320,9,3,10,581,5810,,,,,,,
C1822,33,Bandra,118270,9,10,12,664,7968,,,,,,,
C1823,34,Dadar,115980,23,12,4,731,2924,,,,,,,
C1824,24,Powai,59660,26,9,10,274,2740,,,,,,,
C1825,40,Bandra,83480,25,5,9,589,5301,,,,,,,
C1826,21,Dadar,111240,24,10,4,758,3032,,,,,,,
C1827,24,Dadar,124860,22,7,3,469,1407,,,,,,,
C1828,40,Powai,68550,28,7,10,570,5700,,,,,,,
C1829,30,Juhu,96900,17,7,8,670,5360,,,,,,,
C1830,30,Andheri,84240,15,6,9,556,5004,,,,,,,
C1831,22,Juhu,82990,22,10,6,785,4710,,,,,,,
C1832,28,Powai,34500,25,6,8,379,3032,,,,,,,
C1833,27,Dadar,132220,23,12,4,313,1252,,,,,,,
C1834,27,Juhu,59230,15,8,15,385,5775,,,,,,,
C1835,30,Juhu,97030,14,10,4,654,2616,,,,,,,
C1836,31,Bandra,132190,25,11,6,572,3432,,,,,,,
C1837,31,Bandra,65250,27,5,4,333,1332,,,,,,,
C1838,43,Dadar,89720,25,8,8,556,4448,,,,,,,
C1839,31,Andheri,59220,28,3,8,417,3336,,,,,,,
C1840,38,Dadar,57100,30,11,5,635,3175,,,,,,,
C1841,31,Andheri,80780,28,9,12,747,8964,,,,,,,
C1842,26,Powai,63520,10,11,4,619,2476,,,,,,,
C1843,41,Andheri,68370,29,6,6,739,4434,,,,,,,
C1844,43,Juhu,55380,10,11,14,527,7378,,,,,,,
C1845,39,Powai,44640,24,5,4,685,2740,,,,,,,
C1846,22,Dadar,93560,22,9,10,475,4750,,,,,,,
C1847,33,Juhu,96030,12,5,15,324,4860,,,,,,,
C1848,24,Powai,149960,21,9,7,483,3381,,,,,,,
C1849,30,Andheri,121790,12,8,4,624,2496,,,,,,,
C1850,39,Bandra,140490,15,11,13,506,6578,,,,,,,
C1851,38,Bandra,59010,23,10,7,583,4081,,,,,,,
C1852,45,Dadar,90050,26,10,4,372,1488,,,,,,,
C1853,39,Bandra,91450,18,8,6,303,1818,,,,,,,
C1854,40,Powai,122440,12,8,5,541,2705,,,,,,,
C1855,31,Juhu,87920,16,11,11,310,3410,,,,,,,
C1856,23,Powai,40340,24,7,6,464,2784,,,,,,,
C1857,22,Dadar,44840,23,4,11,710,7810,,,,,,,
C1858,23,Andheri,86690,30,4,7,560,3920,,,,,,,
C1859,35,Juhu,36770,10,11,4,256,1024,,,,,,,
C1860,30,Bandra,58050,26,2,14,376,5264,,,,,,,
C1861,42,Bandra,96360,24,6,6,395,2370,,,,,,,
C1862,35,Andheri,64170,17,5,5,461,2305,,,,,,,
C1863,31,Bandra,81470,11,10,6,569,3414,,,,,,,
C1864,21,Juhu,85590,9,6,15,557,8355,,,,,,,
C1865,36,Andheri,112370,27,2,6,581,3486,,,,,,,
C1866,30,Powai,149450,22,6,12,644,7728,,,,,,,
C1867,35,Powai,104390,17,6,4,728,2912,,,,,,,
C1868,24,Andheri,118260,22,8,13,317,4121,,,,,,,
C1869,23,Bandra,82460,20,3,11,258,2838,,,,,,,
C1870,39,Andheri,97570,22,5,5,704,3520,,,,,,,
C1871,34,Andheri,46210,23,8,4,705,2820,,,,,,,
C1872,32,Bandra,105930,30,2,8,530,4240,,,,,,,
C1873,42,Powai,143630,12,9,7,777,5439,,,,,,,
C1874,35,Dadar,104460,25,9,3,517,1551,,,,,,,
C1875,38,Andheri,95080,16,2,3,399,1197,,,,,,,
C1876,32,Powai,119100,12,7,5,493,2465,,,,,,,
C1877,33,Bandra,125620,9,4,11,625,6875,,,,,,,
C1878,33,Andheri,69140,23,8,9,653,5877,,,,,,,
C1879,33,Bandra,124630,28,9,12,457,5484,,,,,,,
C1880,40,Dadar,30730,28,8,6,388,2328,,,,,,,
C1881,28,Andheri,41100,21,10,6,506,3036,,,,,,,
C1882,43,Dadar,90840,21,4,8,398,3184,,,,,,,
C1883,38,Powai,69700,29,12,7,697,4879,,,,,,,
C1884,22,Bandra,126480,26,6,10,392,3920,,,,,,,
C1885,32,Powai,143570,16,6,4,403,1612,,,,,,,
C1886,21,Powai,129670,13,4,15,773,11595,,,,,,,
C1887,29,Bandra,102700,11,5,8,745,5960,,,,,,,
C1888,32,Bandra,51930,21,2,5,798,3990,,,,,,,
C1889,45,Andheri,54210,30,10,13,452,5876,,,,,,,
C1890,31,Powai,88760,29,6,9,373,3357,,,,,,,
C1891,43,Bandra,109010,14,3,12,414,4968,,,,,,,
C1892,21,Powai,126770,15,7,6,713,4278,,,,,,,
C1893,21,Andheri,83680,22,2,8,511,4088,,,,,,,
C1894,34,Juhu,84270,10,7,9,581,5229,,,,,,,
C1895,23,Andheri,146840,23,12,15,273,4095,,,,,,,
C1896,35,Dadar,115070,22,10,7,492,3444,,,,,,,
C1897,21,Dadar,47420,13,11,7,456,3192,,,,,,,
C1898,28,Dadar,86120,30,7,3,620,1860,,,,,,,
C1899,23,Dadar,131260,8,12,4,516,2064,,,,,,,
C1900,37,Dadar,88130,30,3,15,652,9780,,,,,,,
C1901,28,Andheri,75840,21,3,10,706,7060,,,,,,,
C1902,34,Juhu,129020,9,6,12,412,4944,,,,,,,
C1903,43,Bandra,34480,19,7,9,606,5454,,,,,,,
C1904,28,Juhu,43170,13,2,14,496,6944,,,,,,,
C1905,32,Andheri,88580,21,4,3,427,1281,,,,,,,
C1906,26,Bandra,56730,19,12,3,704,2112,,,,,,,
C1907,36,Andheri,145610,24,5,6,477,2862,,,,,,,
C1908,38,Juhu,50800,9,3,13,496,6448,,,,,,,
C1909,28,Juhu,122920,10,5,10,618,6180,,,,,,,
C1910,33,Andheri,63960,19,3,15,663,9945,,,,,,,
C1911,29,Andheri,138400,29,7,9,295,2655,,,,,,,
C1912,26,Powai,104640,15,7,9,740,6660,,,,,,,
C1913,21,Juhu,145400,14,6,13,647,8411,,,,,,,
C1914,22,Dadar,47020,13,6,11,780,8580,,,,,,,
C1915,27,Juhu,43310,23,9,4,309,1236,,,,,,,
C1916,33,Juhu,30770,29,4,14,310,4340,,,,,,,
C1917,41,Andheri,61090,22,2,3,580,1740,,,,,,,
C1918,35,Powai,81090,20,9,13,494,6422,,,,,,,
C1919,33,Andheri,100680,14,4,6,433,2598,,,,,,,
C1920,39,Dadar,30990,23,9,12,365,4380,,,,,,,
C1921,35,Bandra,131640,20,11,10,785,7850,,,,,,,
C1922,35,Powai,139820,10,9,7,457,3199,,,,,,,
C1923,42,Dadar,32880,30,12,8,455,3640,,,,,,,
C1924,21,Powai,66730,8,7,12,537,6444,,,,,,,
C1925,44,Bandra,132230,8,8,8,493,3944,,,,,,,
C1926,43,Bandra,47720,14,10,12,482,5784,,,,,,,
C1927,32,Bandra,93830,13,8,15,396,5940,,,,,,,
C1928,28,Dadar,125250,17,12,8,331,2648,,,,,,,
C1929,39,Juhu,44410,28,6,15,290,4350,,,,,,,
C1930,37,Bandra,59880,20,3,3,447,1341,,,,,,,
C1931,36,Bandra,111220,13,8,5,520,2600,,,,,,,
C1932,39,Andheri,102770,18,6,11,348,3828,,,,,,,
C1933,24,Bandra,72820,8,9,11,716,7876,,,,,,,
C1934,31,Andheri,59620,23,2,3,775,2325,,,,,,,
C1935,39,Powai,76080,25,12,6,546,3276,,,,,,,
C1936,39,Bandra,86280,23,10,14,268,3752,,,,,,,
C1937,33,Bandra,113280,25,6,5,674,3370,,,,,,,
C1938,45,Bandra,30680,23,10,15,735,11025,,,,,,,
C1939,36,Dadar,146520,19,12,6,536,3216,,,,,,,
C1940,42,Bandra,119200,30,9,13,754,9802,,,,,,,
C1941,38,Bandra,127100,28,2,8,499,3992,,,,,,,
C1942,36,Juhu,131200,9,9,9,361,3249,,,,,,,
C1943,24,Dadar,88930,26,6,11,607,6677,,,,,,,
C1944,29,Powai,40220,14,4,14,594,8316,,,,,,,
C1945,40,Powai,106950,29,9,10,757,7570,,,,,,,
C1946,22,Juhu,129200,21,12,14,642,8988,,,,,,,
C1947,29,Dadar,31970,8,10,4,470,1880,,,,,,,
C1948,38,Juhu,130790,21,12,14,796,11144,,,,,,,
C1949,41,Andheri,101960,29,12,12,545,6540,,,,,,,
C1950,36,Dadar,60670,22,9,4,279,1116,,,,,,,
C1951,25,Dadar,74680,10,12,15,590,8850,,,,,,,
C1952,23,Powai,42960,16,3,4,637,2548,,,,,,,
C1953,27,Andheri,109110,16,5,6,596,3576,,,,,,,
C1954,29,Dadar,136410,10,2,4,523,2092,,,,,,,
C1955,37,Bandra,90460,23,3,12,367,4404,,,,,,,
C1956,40,Juhu,82040,11,11,8,612,4896,,,,,,,
C1957,30,Dadar,101330,15,3,3,403,1209,,,,,,,
C1958,25,Bandra,85430,14,3,14,321,4494,,,,,,,
C1959,38,Andheri,68370,18,7,8,793,6344,,,,,,,
C1960,35,Powai,125020,15,8,8,586,4688,,,,,,,
C1961,31,Bandra,132990,17,4,9,452,4068,,,,,,,
C1962,31,Andheri,84090,27,6,14,688,9632,,,,,,,
C1963,27,Juhu,124250,12,8,11,672,7392,,,,,,,
C1964,41,Powai,32150,28,2,6,635,3810,,,,,,,
C1965,24,Juhu,75030,12,7,7,487,3409,,,,,,,
C1966,33,Dadar,140180,15,7,4,602,2408,,,,,,,
C1967,33,Dadar,61150,10,9,3,696,2088,,,,,,,
C1968,25,Powai,116540,27,7,6,689,4134,,,,,,,
C1969,36,Dadar,57960,9,12,14,519,7266,,,,,,,
C1970,42,Juhu,114080,12,3,3,705,2115,,,,,,,
C1971,38,Dadar,121980,28,11,11,340,3740,,,,,,,
C1972,26,Powai,42100,25,3,10,424,4240,,,,,,,
C1973,32,Andheri,76850,13,12,7,530,3710,,,,,,,
C1974,32,Bandra,36250,19,3,8,336,2688,,,,,,,
C1975,34,Dadar,108530,24,6,5,463,2315,,,,,,,
C1976,35,Juhu,99580,17,7,6,325,1950,,,,,,,
C1977,43,Juhu,39890,28,7,14,734,10276,,,,,,,
C1978,45,Juhu,125380,11,11,4,595,2380,,,,,,,
C1979,35,Powai,59840,27,5,9,324,2916,,,,,,,
C1980,30,Powai,96900,19,12,11,284,3124,,,,,,,
C1981,25,Dadar,81430,8,11,8,548,4384,,,,,,,
C1982,23,Juhu,112000,26,9,4,523,2092,,,,,,,
C1983,34,Dadar,92800,27,5,10,531,5310,,,,,,,
C1984,37,Bandra,33270,28,11,6,337,2022,,,,,,,
C1985,24,Andheri,42600,10,12,8,583,4664,,,,,,,
C1986,29,Andheri,75290,12,8,9,564,5076,,,,,,,
C1987,22,Powai,133600,8,4,13,639,8307,,,,,,,
C1988,25,Juhu,103810,24,5,14,329,4606,,,,,,,
C1989,37,Powai,52900,8,5,10,622,6220,,,,,,,
C1990,31,Bandra,91260,21,7,9,433,3897,,,,,,,
C1991,40,Powai,36370,27,6,15,510,7650,,,,,,,
C1992,43,Powai,125540,27,5,7,258,1806,,,,,,,
C1993,24,Dadar,97000,19,8,8,652,5216,,,,,,,
C1994,44,Powai,136460,21,7,7,401,2807,,,,,,,
C1995,42,Dadar,87980,26,5,7,291,2037,,,,,,,
C1996,40,Juhu,34390,9,8,13,416,5408,,,,,,,
C1997,35,Powai,49370,19,3,6,330,1980,,,,,,,
C1998,37,Andheri,77870,8,12,5,329,1645,,,,,,,
C1999,37,Bandra,133920,29,11,10,298,2980,,,,,,,
C2000,30,Dadar,76700,29,8,5,707,3535,,,,,,,
C2001,25,Bandra,96450,15,10,7,556,3892,,,,,,,
C2002,40,Andheri,41120,27,9,8,764,6112,,,,,,,
C2003,21,Dadar,93330,29,8,11,570,6270,,,,,,,
